movie_id,genre_id
1,1
2,2
3,3
4,2
5,4
6,5
7,2
9,1
10,2
11,2
12,2
13,2
14,6
15,2
16,7
17,1
18,8
20,5
21,1
23,2
24,2
25,5
26,5
27,2
28,1
29,2
30,2
31,2
32,4
33,2
34,3
35,2
36,2
37,3
38,3
39,2
40,2
42,2
43,9
44,1
45,2
46,5
47,1
48,2
49,8
50,2
51,2
53,8
54,4
56,7
57,5
58,6
59,5
60,6
61,4
62,2
63,4
64,4
65,4
66,2
67,4
69,6
70,5
71,1
72,4
73,2
74,2
75,2
76,5
77,7
78,6
79,2
80,4
81,1
82,3
83,2
84,8
85,2
86,7
87,2
88,5
89,4
90,2
91,4
92,2
93,4
94,4
95,7
96,5
97,2
98,5
99,6
100,2
101,2
104,7
105,6
106,2
107,2
108,8
109,6
111,7
112,5
113,6
114,2
115,4
116,1
117,2
118,2
119,7
120,1
121,10
122,1
123,2
124,6
125,1
126,3
128,4
129,2
130,2
131,4
132,1
133,2
134,2
135,7
136,2
138,3
139,2
140,7
141,1
143,6
144,2
146,2
147,5
148,2
149,2
150,2
151,2
152,1
153,5
154,1
155,5
156,2
158,3
159,1
160,2
161,4
163,7
164,2
165,4
166,1
167,2
168,2
169,3
170,1
171,2
172,8
173,1
174,2
175,1
176,2
177,4
178,2
179,6
180,2
181,2
182,1
183,2
184,6
185,4
186,4
188,2
190,10
191,5
192,1
193,2
194,2
195,2
196,2
197,7
198,4
199,8
200,2
201,1
202,2
203,4
204,2
205,4
206,6
207,4
208,4
209,1
210,3
211,4
212,1
213,6
214,4
215,2
217,1
218,7
219,7
220,2
221,7
222,7
223,2
224,1
225,2
226,3
227,6
228,2
229,2
230,4
231,2
233,3
234,2
235,2
236,3
238,2
239,4
240,3
242,4
243,2
244,7
245,1
246,2
247,7
248,4
249,4
250,4
251,1
252,4
253,7
254,2
255,3
256,4
257,2
258,2
259,6
260,3
261,4
262,2
263,1
264,4
265,1
266,2
267,1
269,2
270,2
271,2
272,1
273,4
274,5
275,4
276,2
277,5
281,8
282,2
283,4
284,5
285,7
286,1
287,6
288,1
289,5
290,3
291,2
292,4
294,1
295,4
296,1
297,2
298,2
299,2
300,4
301,2
302,2
303,4
304,5
305,5
306,6
307,2
308,2
309,2
310,2
311,4
312,4
313,5
314,3
315,5
316,2
317,4
318,4
319,7
320,4
321,1
322,3
323,11
324,4
325,2
326,3
327,8
328,7
329,1
330,1
331,2
332,1
333,2
334,7
335,5
336,1
337,2
338,2
339,2
340,2
342,3
343,2
344,2
345,4
346,2
347,6
348,4
349,6
350,7
351,2
352,9
353,7
355,2
356,2
357,2
358,1
359,7
360,6
362,4
363,2
364,4
365,7
366,4
367,1
368,3
369,2
370,1
371,8
372,2
373,4
374,2
375,1
376,1
377,5
378,8
379,4
380,8
381,4
382,3
383,1
384,8
385,2
386,2
387,2
389,2
390,5
391,8
392,5
393,2
394,2
395,2
396,4
397,4
398,9
399,7
400,10
401,4
402,2
403,2
404,4
405,6
406,2
407,8
408,4
409,12
410,4
411,4
412,7
413,4
414,1
415,2
416,1
417,2
418,11
419,2
420,7
421,2
422,6
423,4
424,7
425,3
426,3
427,4
428,3
429,2
430,4
432,3
433,2
434,2
435,7
436,2
437,6
438,2
439,1
440,4
441,5
442,4
443,2
444,4
445,2
446,1
447,4
448,3
449,4
450,1
451,5
452,2
453,6
454,1
455,1
456,4
457,4
458,5
459,1
460,2
461,7
462,4
463,4
464,4
465,2
466,4
467,2
469,3
470,2
471,2
472,1
473,2
474,7
475,2
476,2
477,2
478,6
479,7
480,4
481,2
482,2
483,1
484,1
485,2
486,4
487,6
488,2
489,4
490,4
491,7
492,2
493,1
494,7
495,3
496,5
497,10
498,6
500,4
501,4
502,4
503,2
504,2
505,2
506,4
507,2
508,3
509,2
510,3
511,4
512,2
513,4
514,3
515,1
516,2
517,2
518,8
519,7
520,1
521,2
522,4
523,4
524,4
525,4
526,2
527,8
528,6
529,2
530,2
531,5
532,1
533,6
534,1
535,1
536,6
537,4
538,8
539,1
540,2
541,4
542,1
543,1
544,1
545,2
546,8
547,2
548,1
549,6
550,11
552,2
554,5
555,1
556,3
557,8
558,6
559,1
560,5
561,1
562,2
563,5
564,4
565,2
566,2
567,2
568,2
569,2
570,6
571,1
572,6
573,2
575,2
576,2
577,1
579,7
580,2
581,4
582,2
583,4
584,2
585,2
586,1
587,6
588,4
589,2
590,1
591,1
592,2
593,2
594,2
595,8
596,8
597,2
598,2
599,1
601,6
602,1
603,3
604,3
605,3
606,7
607,7
608,6
609,4
610,2
611,8
612,3
613,2
614,4
615,5
616,2
617,2
618,2
619,4
620,2
621,1
622,1
623,1
624,7
625,1
626,2
627,2
628,1
629,6
630,4
631,5
632,4
633,1
634,8
635,8
636,4
637,4
638,4
639,2
640,4
641,8
642,7
643,2
644,5
645,5
646,3
648,2
649,2
650,1
651,2
653,6
654,2
655,4
656,4
657,7
658,1
659,2
660,4
661,1
662,4
663,2
664,2
665,4
666,1
667,5
668,2
669,6
670,4
671,2
672,2
673,4
674,1
675,8
676,13
677,1
678,8
679,4
680,2
681,3
682,7
683,2
684,2
685,2
686,2
687,5
688,3
689,1
690,1
691,6
693,7
694,7
695,1
696,2
697,1
698,5
699,5
700,4
701,2
702,4
704,4
705,8
706,1
707,8
708,4
709,4
710,1
711,6
712,1
713,8
714,2
715,1
716,1
717,2
718,4
719,2
720,2
721,8
722,5
723,1
724,2
725,8
726,2
727,2
728,1
729,8
730,8
731,1
732,7
733,3
734,2
735,3
736,6
737,2
738,6
739,2
740,4
741,2
742,2
743,2
744,7
746,7
747,2
748,1
749,4
750,4
751,7
752,1
753,8
754,2
755,2
756,1
757,2
758,3
759,2
760,2
761,1
763,2
764,6
765,2
766,2
767,8
768,1
769,1
770,4
771,4
772,2
773,2
774,7
775,6
776,2
777,3
778,1
779,2
780,5
781,4
783,2
784,7
785,6
786,5
787,6
788,2
789,7
790,7
791,6
792,7
793,4
794,6
795,6
796,2
797,2
798,4
799,1
800,4
801,3
802,5
803,1
804,1
805,4
806,2
807,4
808,7
809,5
810,7
811,2
813,7
814,6
815,8
816,3
817,6
818,4
819,2
820,1
821,6
822,4
823,7
824,4
825,8
826,5
827,2
828,3
829,2
830,2
831,1
832,1
833,2
834,4
835,6
836,4
837,4
838,2
839,7
840,4
841,1
842,9
843,1
844,1
845,8
846,2
847,3
848,2
849,7
850,2
851,2
852,2
853,2
855,3
856,2
857,8
858,5
859,2
860,9
861,6
862,8
863,1
864,1
865,4
866,2
867,4
868,4
869,7
870,1
871,8
872,6
873,2
874,1
875,4
877,2
878,4
879,8
880,2
881,5
882,7
883,4
884,7
885,2
886,4
887,1
889,4
890,1
891,1
892,4
893,1
894,12
895,1
896,2
897,7
898,1
899,1
900,2
901,4
902,4
903,1
904,4
905,2
906,4
907,2
908,2
909,2
910,8
911,2
912,6
913,7
914,6
915,4
916,4
917,1
918,7
919,2
921,1
922,4
923,4
924,6
925,3
926,2
927,1
928,2
929,2
930,1
931,4
932,8
933,2
934,7
935,4
936,2
937,1
938,12
939,2
940,4
941,3
942,3
943,6
944,2
945,5
946,2
947,4
948,2
949,4
950,4
952,5
953,5
954,1
955,1
956,1
957,3
958,6
959,7
960,2
961,3
962,5
963,4
964,2
965,3
966,1
967,11
968,12
969,5
970,14
971,5
972,6
973,7
974,2
975,2
976,5
977,1
978,1
979,4
980,4
981,7
982,6
983,1
984,7
985,8
986,1
987,1
988,1
989,4
990,2
991,1
992,1
993,5
994,3
995,2
996,4
997,2
998,4
999,2
1000,4
1001,1
1002,4
1003,12
1004,2
1005,7
1006,2
1007,1
1008,2
1009,2
1010,1
1011,2
1012,4
1013,1
1014,8
1015,6
1016,1
1017,4
1018,2
1019,2
1020,2
1021,6
1022,5
1023,5
1024,4
1025,1
1026,6
1027,2
1028,2
1029,2
1030,9
1031,5
1032,2
1033,4
1034,6
1035,2
1036,8
1037,7
1038,1
1039,5
1040,2
1041,1
1042,2
1043,4
1044,4
1045,1
1046,1
1047,6
1048,1
1049,2
1050,2
1051,2
1052,1
1053,3
1054,2
1055,2
1056,1
1057,2
1058,4
1059,2
1060,1
1061,1
1062,1
1063,2
1064,4
1065,4
1067,1
1068,6
1069,2
1070,2
1071,2
1072,2
1073,2
1074,2
1075,1
1076,6
1077,2
1078,2
1079,5
1080,7
1081,2
1082,6
1083,1
1084,2
1085,2
1086,1
1088,4
1089,5
1090,1
1091,4
1092,2
1093,8
1094,4
1095,7
1096,7
1097,7
1098,4
1099,2
1100,8
1101,7
1102,5
1103,4
1104,5
1106,4
1107,1
1108,1
1109,8
1110,2
1111,4
1112,5
1113,7
1114,2
1115,5
1116,4
1117,5
1118,2
1119,4
1120,2
1121,3
1122,4
1123,1
1124,2
1125,2
1126,4
1127,5
1128,2
1129,2
1130,4
1131,4
1132,4
1133,1
1134,2
1135,2
1136,2
1137,1
1138,2
1139,1
1140,4
1141,2
1142,1
1143,2
1144,4
1145,7
1146,2
1147,1
1148,5
1149,4
1150,1
1151,2
1152,2
1153,2
1154,2
1155,8
1156,2
1157,1
1158,4
1159,1
1160,4
1161,2
1162,4
1163,2
1164,6
1165,1
1166,7
1167,3
1168,1
1169,2
1170,2
1171,5
1172,8
1173,2
1174,1
1175,2
1176,2
1177,7
1178,5
1179,2
1180,1
1181,2
1182,1
1183,7
1184,2
1185,2
1186,4
1187,1
1188,7
1190,2
1191,2
1192,2
1193,5
1194,2
1195,1
1196,6
1197,8
1198,2
1199,2
1200,1
1201,2
1202,8
1203,6
1204,4
1205,2
1206,7
1207,8
1208,1
1209,4
1210,2
1211,2
1212,1
1214,1
1215,2
1216,4
1217,7
1218,2
1219,4
1220,1
1221,1
1222,2
1223,4
1224,2
1225,1
1226,4
1227,1
1228,2
1229,3
1230,4
1231,9
1232,6
1233,4
1234,2
1235,6
1236,7
1237,2
1238,2
1240,2
1241,8
1242,2
1243,6
1244,8
1245,4
1246,2
1247,8
1248,4
1249,2
1250,7
1251,5
1252,2
1253,3
1254,2
1255,1
1256,2
1257,3
1258,7
1259,4
1260,4
1261,1
1262,12
1263,5
1264,2
1265,1
1266,3
1268,2
1269,3
1270,4
1271,1
1272,8
1273,2
1274,2
1275,4
1276,2
1277,4
1278,4
1279,15
1280,1
1281,2
1282,1
1283,4
1284,6
1285,4
1286,4
1287,4
1288,16
1289,5
1290,5
1291,5
1292,4
1293,4
1294,1
1295,6
1296,1
1297,7
1298,1
1299,4
1301,2
1302,1
1303,8
1304,12
1305,2
1306,1
1307,7
1308,4
1309,2
1310,1
1311,5
1312,2
1313,4
1314,1
1315,2
1316,2
1317,1
1319,1
1320,4
1321,6
1323,6
1324,2
1325,3
1326,2
1327,8
1328,8
1329,2
1330,3
1331,6
1332,2
1333,1
1334,2
1335,7
1336,4
1337,2
1338,8
1339,6
1340,4
1342,5
1343,3
1344,2
1345,2
1346,4
1347,2
1348,6
1349,2
1350,8
1351,2
1352,2
1353,4
1354,2
1355,4
1356,4
1357,5
1358,2
1359,5
1360,4
1361,8
1362,6
1363,1
1364,4
1365,4
1366,2
1367,7
1368,2
1369,1
1370,4
1371,7
1372,1
1374,7
1375,7
1376,2
1377,4
1378,2
1379,1
1380,2
1381,1
1382,5
1383,7
1384,1
1385,2
1386,8
1387,4
1388,4
1389,2
1390,2
1391,11
1392,2
1393,5
1394,3
1395,5
1396,3
1397,2
1398,2
1399,1
1400,2
1401,1
1402,2
1403,3
1404,2
1405,4
1406,3
1407,3
1408,2
1409,1
1410,2
1411,4
1412,4
1413,2
1414,4
1415,4
1416,1
1417,6
1418,5
1420,2
1421,2
1422,4
1423,3
1424,5
1425,8
1426,2
1427,2
1428,1
1429,2
1430,4
1431,2
1432,5
1433,1
1434,1
1435,2
1436,5
1437,1
1438,2
1439,2
1440,1
1441,2
1442,14
1443,8
1444,6
1445,1
1446,2
1447,2
1448,2
1449,1
1450,2
1451,8
1452,1
1453,5
1454,1
1455,5
1456,1
1457,2
1459,1
1460,6
1461,2
1462,3
1463,11
1464,10
1465,8
1466,4
1467,2
1468,1
1469,4
1470,2
1471,2
1472,1
1473,12
1474,2
1475,2
1476,2
1477,4
1478,2
1479,5
1481,1
1482,2
1483,2
1484,1
1485,2
1486,2
1487,1
1488,1
1489,5
1490,2
1491,1
1492,2
1493,3
1494,4
1495,4
1496,14
1497,1
1498,1
1499,2
1500,1
1501,2
1502,3
1503,4
1504,4
1506,2
1507,4
1508,1
1509,4
1511,4
1512,4
1513,1
1514,7
1515,2
1516,4
1517,4
1518,2
1519,5
1520,4
1521,2
1522,2
1523,1
1524,1
1526,4
1527,2
1528,2
1529,3
1530,2
1531,7
1532,4
1533,11
1534,2
1535,4
1536,2
1537,8
1538,4
1539,5
1540,6
1541,4
1542,7
1543,4
1544,2
1545,4
1546,5
1547,4
1548,2
1549,4
1550,8
1551,5
1552,2
1553,4
1554,3
1556,2
1557,7
1558,5
1559,4
1560,2
1561,2
1562,7
1563,2
1564,4
1565,4
1566,2
1567,1
1568,2
1570,1
1571,5
1572,4
1573,8
1574,2
1575,2
1576,3
1577,2
1578,6
1579,9
1580,2
1581,8
1582,2
1583,4
1584,7
1585,4
1586,4
1587,2
1588,2
1589,4
1590,4
1591,1
1592,2
1593,6
1594,2
1595,8
1596,4
1597,2
1598,2
1599,7
1600,1
1601,3
1602,4
1603,5
1604,2
1605,1
1606,2
1607,2
1608,4
1609,7
1610,2
1611,1
1612,2
1613,8
1614,4
1615,2
1616,2
1617,2
1618,1
1619,5
1620,1
1621,5
1622,1
1623,4
1624,2
1625,2
1626,7
1627,1
1628,2
1629,4
1630,1
1631,2
1632,4
1633,8
1634,2
1635,2
1636,4
1638,1
1639,4
1640,2
1641,4
1642,7
1643,2
1644,8
1645,2
1646,2
1647,4
1648,7
1649,8
1650,1
1651,1
1652,2
1653,7
1654,2
1655,5
1656,1
1657,7
1658,1
1659,8
1660,2
1661,1
1662,8
1663,4
1664,17
1665,4
1666,2
1667,4
1668,1
1669,2
1670,9
1671,3
1672,4
1673,8
1674,6
1675,4
1676,7
1677,10
1678,1
1679,2
1680,2
1681,8
1682,6
1684,8
1685,2
1686,1
1687,1
1688,8
1689,6
1690,10
1691,4
1692,1
1693,2
1694,6
1695,2
1696,4
1697,2
1698,1
1699,1
1700,5
1701,1
1702,3
1703,2
1704,2
1705,6
1706,2
1707,4
1708,6
1709,4
1710,2
1711,4
1712,1
1713,1
1714,3
1715,8
1716,5
1717,1
1718,8
1719,6
1720,4
1721,6
1722,4
1723,1
1724,2
1725,4
1726,1
1727,4
1728,8
1729,4
1730,8
1731,2
1732,4
1733,5
1734,8
1735,4
1736,5
1737,1
1738,4
1739,4
1740,2
1741,1
1742,1
1744,8
1745,4
1746,5
1747,6
1748,2
1749,2
1750,8
1751,8
1752,4
1753,7
1754,1
1755,2
1756,4
1757,5
1758,1
1759,1
1760,3
1761,2
1762,2
1763,8
1764,2
1765,11
1766,1
1767,7
1768,1
1769,2
1770,3
1771,2
1772,1
1773,1
1774,4
1775,1
1776,1
1777,4
1778,2
1779,2
1780,16
1781,2
1782,2
1783,1
1784,6
1785,6
1786,2
1787,2
1788,1
1789,3
1790,2
1791,2
1792,4
1793,1
1794,5
1795,1
1797,6
1798,1
1799,4
1800,2
1801,2
1802,4
1803,2
1804,7
1805,4
1806,6
1807,4
1808,1
1809,1
1810,8
1811,4
1812,6
1813,1
1814,2
1816,4
1817,4
1818,1
1819,1
1820,2
1821,2
1822,3
1823,2
1824,4
1825,4
1826,2
1827,8
1828,4
1829,3
1830,1
1832,5
1833,3
1834,1
1835,1
1836,3
1837,6
1838,2
1839,8
1840,1
1841,6
1842,1
1843,7
1844,2
1845,2
1847,1
1848,1
1849,1
1850,6
1851,2
1852,4
1853,2
1854,4
1855,1
1856,2
1857,2
1858,2
1859,2
1860,2
1861,6
1862,1
1863,5
1864,3
1865,1
1866,6
1867,7
1868,8
1869,4
1870,10
1871,1
1872,1
1873,4
1874,1
1875,4
1876,3
1877,2
1878,5
1879,4
1880,7
1881,1
1882,6
1883,6
1884,2
1885,9
1886,1
1887,7
1888,1
1889,5
1890,2
1891,2
1892,1
1893,2
1894,5
1895,6
1896,1
1897,1
1898,1
1899,2
1900,1
1901,7
1902,11
1903,2
1904,4
1905,8
1906,7
1907,2
1908,3
1909,1
1910,7
1911,1
1912,2
1913,6
1914,7
1915,5
1916,4
1917,8
1918,2
1919,4
1920,2
1921,6
1922,1
1923,7
1924,1
1925,1
1926,2
1927,6
1928,3
1929,4
1930,2
1931,2
1932,6
1933,1
1934,3
1935,4
1936,1
1937,2
1938,8
1939,2
1940,1
1941,2
1942,2
1943,1
1944,2
1945,4
1946,1
1947,7
1948,2
1949,1
1950,4
1951,7
1952,2
1953,3
1954,2
1955,4
1956,5
1957,2
1958,1
1959,1
1960,5
1961,1
1962,8
1963,2
1964,1
1965,6
1966,7
1967,4
1968,2
1969,8
1970,6
1971,2
1972,2
1973,2
1974,2
1975,11
1976,2
1977,2
1978,9
1979,1
1981,4
1982,3
1983,2
1984,3
1985,1
1986,1
1988,4
1989,1
1990,2
1991,6
1992,14
1993,7
1994,4
1995,2
1996,2
1997,1
1998,2
1999,4
2000,8
2001,4
2002,2
2003,1
2004,2
2005,4
2006,1
2007,7
2008,3
2009,2
2010,1
2011,3
2012,4
2013,2
2014,2
2015,1
2016,1
2017,8
2018,1
2019,4
2020,2
2021,1
2022,4
2023,6
2024,2
2025,4
2026,3
2027,1
2028,6
2029,8
2030,4
2032,2
2033,4
2034,2
2035,2
2036,4
2037,2
2038,5
2040,6
2041,7
2042,2
2043,1
2044,2
2045,2
2046,2
2047,2
2048,3
2049,2
2050,3
2051,5
2052,4
2053,2
2054,1
2055,1
2056,2
2057,4
2058,2
2059,3
2060,4
2061,5
2062,1
2063,8
2064,2
2065,1
2066,4
2067,2
2068,8
2069,2
2070,8
2071,5
2072,7
2073,2
2074,4
2075,2
2076,2
2077,2
2078,4
2079,16
2080,1
2081,1
2082,4
2083,7
2084,2
2085,4
2086,4
2087,1
2088,2
2089,8
2090,1
2091,7
2092,3
2093,1
2094,3
2095,4
2096,4
2097,6
2098,2
2099,4
2100,8
2101,2
2102,1
2103,1
2104,7
2105,1
2106,4
2108,2
2109,1
2110,2
2111,2
2112,6
2113,2
2114,2
2115,1
2116,2
2117,6
2119,2
2120,4
2121,8
2122,1
2123,2
2124,4
2125,1
2126,2
2127,1
2128,2
2129,4
2130,2
2131,5
2132,4
2133,4
2134,4
2135,1
2136,4
2137,5
2138,6
2139,2
2140,4
2141,4
2142,4
2143,1
2144,4
2145,1
2146,2
2147,4
2148,1
2149,5
2150,3
2151,4
2152,1
2153,1
2154,2
2155,6
2156,8
2157,4
2158,2
2159,2
2160,5
2161,1
2162,2
2163,4
2164,8
2165,5
2166,2
2167,1
2168,4
2169,2
2170,1
2171,2
2172,4
2173,2
2174,2
2175,4
2176,3
2177,5
2178,1
2179,2
2180,2
2181,2
2182,1
2184,10
2185,4
2186,3
2187,11
2188,1
2189,4
2190,7
2191,5
2192,1
2193,4
2194,4
2195,1
2196,2
2197,8
2198,5
2199,1
2200,5
2201,1
2202,2
2203,4
2205,6
2206,7
2207,1
2208,1
2209,1
2210,2
2211,3
2212,8
2213,2
2214,2
2215,2
2216,7
2217,1
2218,1
2219,4
2220,1
2221,4
2222,2
2223,2
2224,7
2225,4
2226,1
2227,4
2228,1
2230,5
2231,12
2232,4
2233,7
2234,4
2235,7
2236,1
2237,1
2238,2
2239,7
2240,2
2241,4
2242,1
2243,4
2244,1
2245,2
2246,3
2247,2
2248,8
2249,2
2250,3
2251,3
2252,1
2253,8
2254,2
2255,2
2256,6
2257,2
2258,3
2259,4
2260,4
2261,2
2262,3
2263,1
2264,15
2265,2
2266,2
2267,1
2268,7
2269,2
2271,2
2272,2
2273,1
2275,8
2276,4
2277,2
2278,2
2279,4
2280,1
2281,4
2282,1
2283,3
2284,3
2285,4
2286,2
2287,1
2289,7
2290,6
2291,1
2292,1
2293,2
2294,1
2295,2
2296,8
2298,7
2299,4
2300,2
2301,6
2304,3
2305,1
2306,9
2307,1
2308,2
2309,4
2310,1
2311,7
2312,8
2313,1
2314,6
2315,2
2316,1
2317,8
2318,2
2319,4
2320,2
2321,4
2322,8
2323,7
2324,6
2325,1
2326,2
2327,2
2328,4
2329,2
2330,1
2331,8
2332,2
2333,4
2334,1
2335,2
2336,3
2337,4
2338,1
2339,4
2340,5
2341,1
2342,4
2343,4
2344,2
2345,6
2346,7
2347,2
2348,4
2349,4
2350,4
2351,4
2352,2
2353,7
2354,2
2355,1
2356,2
2357,4
2358,4
2359,8
2360,1
2361,6
2362,1
2363,1
2364,2
2365,2
2366,2
2368,1
2369,2
2370,7
2371,5
2372,4
2373,2
2374,7
2375,7
2376,1
2377,1
2378,2
2379,2
2380,2
2382,5
2383,4
2384,5
2385,2
2386,2
2387,4
2388,7
2389,4
2390,3
2391,2
2392,7
2393,2
2394,1
2395,2
2396,2
2397,2
2398,1
2399,4
2400,1
2401,6
2402,7
2403,11
2404,4
2405,5
2406,1
2407,1
2408,1
2409,2
2410,1
2411,3
2412,2
2413,4
2414,2
2415,6
2416,1
2417,4
2418,1
2419,1
2420,4
2421,2
2422,2
2423,4
2424,4
2425,4
2426,4
2427,2
2429,2
2430,8
2431,4
2432,3
2433,8
2434,4
2435,8
2436,4
2437,1
2438,1
2439,4
2440,11
2441,5
2442,4
2443,2
2444,2
2445,4
2446,4
2447,7
2448,8
2449,2
2450,2
2451,4
2452,2
2453,4
2455,1
2456,2
2457,5
2458,2
2459,4
2460,1
2461,6
2462,2
2463,2
2464,4
2465,8
2466,1
2467,1
2468,7
2469,1
2470,6
2471,4
2472,1
2473,4
2474,2
2475,6
2476,2
2477,6
2478,7
2479,2
2480,6
2481,8
2482,2
2483,2
2484,1
2485,1
2486,2
2487,6
2488,4
2489,7
2490,2
2491,4
2492,1
2493,3
2494,6
2495,2
2496,2
2497,5
2498,2
2499,1
2500,2
2501,2
2502,2
2503,1
2504,1
2505,4
2506,6
2507,4
2508,1
2509,1
2510,2
2511,5
2512,4
2513,2
2514,1
2515,4
2516,1
2517,4
2518,2
2519,4
2520,5
2521,1
2522,1
2523,8
2524,7
2526,4
2527,6
2528,2
2529,4
2530,4
2531,4
2532,2
2533,4
2535,2
2536,7
2537,1
2538,5
2539,7
2540,1
2541,2
2542,4
2543,1
2544,10
2545,8
2546,4
2547,2
2548,2
2549,1
2550,11
2551,1
2552,7
2553,1
2554,1
2555,4
2556,3
2557,4
2558,1
2559,1
2560,2
2562,9
2563,3
2564,5
2566,4
2567,1
2568,2
2569,2
2570,2
2571,2
2572,2
2573,2
2574,7
2575,1
2576,2
2577,2
2578,5
2579,2
2580,3
2581,7
2582,2
2583,1
2584,2
2585,8
2586,7
2587,1
2588,8
2589,2
2590,1
2591,2
2592,4
2593,6
2594,7
2595,1
2596,2
2597,7
2598,1
2599,2
2600,1
2601,5
2602,1
2603,6
2604,2
2605,1
2606,6
2607,7
2608,6
2609,2
2610,2
2611,1
2612,2
2613,9
2614,2
2615,2
2616,1
2617,4
2618,2
2619,2
2620,5
2621,2
2622,4
2623,4
2624,8
2625,1
2626,5
2627,2
2628,2
2629,3
2631,1
2632,2
2633,1
2634,3
2635,2
2636,1
2637,8
2638,2
2639,6
2640,2
2641,2
2642,8
2643,5
2644,8
2645,2
2646,1
2647,2
2648,7
2649,6
2651,2
2652,4
2653,2
2654,2
2655,5
2656,7
2658,1
2659,1
2660,1
2661,14
2662,4
2663,4
2664,1
2665,2
2666,2
2667,4
2668,3
2669,3
2670,6
2671,6
2672,1
2673,1
2674,2
2675,2
2676,8
2677,1
2678,1
2679,8
2680,6
2681,2
2682,4
2683,1
2684,1
2685,3
2686,2
2687,2
2688,1
2689,4
2690,7
2691,4
2692,1
2693,2
2694,2
2695,6
2696,1
2697,2
2698,3
2699,1
2700,6
2701,1
2702,5
2703,2
2704,4
2705,2
2706,5
2707,8
2708,2
2709,4
2710,1
2711,6
2712,4
2713,2
2715,3
2716,2
2717,2
2718,3
2719,1
2720,2
2721,2
2723,4
2724,4
2725,2
2726,1
2727,2
2728,2
2729,8
2730,1
2731,2
2732,5
2733,2
2734,2
2735,7
2736,1
2737,7
2738,2
2739,2
2740,2
2741,3
2742,2
2743,7
2744,4
2745,2
2746,11
2747,4
2748,1
2749,2
2750,2
2751,1
2752,2
2753,2
2754,1
2755,8
2756,5
2758,2
2760,3
2761,1
2762,4
2763,8
2764,8
2765,4
2766,1
2767,2
2768,1
2769,7
2770,1
2771,6
2772,4
2773,2
2774,2
2775,3
2776,7
2777,2
2778,1
2779,1
2780,11
2781,1
2782,2
2783,4
2784,7
2785,1
2786,1
2787,1
2788,4
2789,4
2790,8
2791,2
2792,4
2793,2
2794,2
2795,6
2796,2
2797,5
2798,7
2799,4
2800,2
2801,2
2802,1
2803,2
2804,1
2805,12
2806,1
2807,3
2808,1
2809,2
2810,4
2811,2
2812,1
2813,2
2814,4
2815,1
2816,2
2817,7
2818,1
2819,2
2820,6
2821,4
2822,1
2823,1
2824,12
2825,1
2826,6
2827,7
2828,2
2829,4
2830,4
2831,1
2832,8
2834,1
2836,3
2837,2
2838,7
2839,2
2840,2
2841,6
2842,6
2843,3
2845,8
2846,4
2847,6
2848,2
2849,3
2850,2
2851,1
2852,1
2853,2
2854,8
2855,6
2856,4
2857,6
2858,2
2859,4
2860,1
2863,7
2864,1
2865,8
2866,8
2867,7
2868,1
2869,4
2870,1
2871,4
2872,8
2873,2
2874,6
2875,3
2877,7
2878,4
2879,2
2880,9
2881,1
2882,1
2883,1
2884,7
2885,6
2886,5
2887,4
2888,1
2889,1
2890,4
2891,1
2892,4
2893,3
2894,4
2895,4
2896,4
2897,1
2898,2
2900,2
2901,2
2902,1
2903,2
2904,8
2905,4
2906,1
2907,2
2908,4
2909,3
2910,2
2911,5
2912,4
2913,3
2914,2
2915,4
2917,7
2918,10
2919,7
2920,1
2921,1
2922,2
2923,2
2924,7
2925,2
2926,8
2927,2
2928,4
2929,3
2930,1
2931,2
2932,6
2933,2
2935,6
2936,3
2937,5
2938,4
2939,1
2941,5
2942,7
2943,2
2944,5
2945,7
2946,1
2947,4
2948,1
2949,2
2950,8
2951,3
2952,11
2953,8
2954,1
2955,1
2956,5
2957,11
2958,2
2959,4
2960,2
2961,1
2962,2
2963,4
2964,2
2965,2
2966,5
2967,2
2968,1
2969,5
2970,1
2971,1
2972,2
2973,2
2974,2
2975,3
2976,2
2977,1
2978,8
2979,4
2981,4
2982,2
2983,1
2984,7
2985,2
2986,1
2987,7
2989,2
2990,3
2991,4
2992,7
2993,2
2994,1
2995,4
2996,7
2997,7
2998,4
2999,4
3000,8
3001,2
3002,2
3003,4
3004,1
3005,1
3006,1
3007,4
3008,4
3009,4
3010,4
3011,3
3012,1
3013,3
3014,2
3015,4
3016,2
3018,6
3019,2
3020,4
3021,5
3022,1
3023,2
3024,2
3025,6
3026,2
3027,7
3029,4
3030,1
3031,4
3032,5
3033,9
3034,3
3035,2
3036,5
3037,8
3038,4
3039,2
3040,2
3041,1
3042,5
3043,2
3044,13
3045,2
3046,1
3047,1
3048,7
3049,1
3051,6
3052,7
3053,2
3054,1
3055,5
3056,2
3057,11
3058,5
3059,8
3060,1
3061,3
3062,3
3063,2
3064,6
3065,7
3067,4
3068,6
3069,1
3070,8
3071,1
3072,8
3073,1
3074,3
3075,3
3076,1
3077,6
3078,6
3079,1
3080,4
3081,2
3082,5
3084,7
3085,7
3086,4
3088,1
3089,1
3090,8
3091,2
3092,5
3093,8
3094,1
3095,4
3096,2
3097,3
3098,1
3099,4
3100,4
3101,2
3102,2
3103,2
3104,2
3105,2
3106,7
3107,6
3108,2
3110,5
3111,2
3112,1
3113,4
3114,1
3115,6
3116,4
3117,2
3118,8
3119,2
3120,4
3121,2
3122,1
3123,12
3124,3
3125,2
3126,8
3127,1
3128,7
3129,1
3130,4
3131,4
3132,1
3133,5
3134,2
3135,2
3136,1
3137,7
3138,5
3139,1
3140,4
3141,1
3142,2
3143,2
3144,1
3145,7
3146,6
3147,3
3148,2
3149,2
3150,6
3151,1
3152,4
3153,9
3154,2
3155,2
3156,5
3157,5
3158,2
3159,2
3160,4
3161,2
3162,3
3163,1
3164,7
3165,10
3166,2
3167,2
3168,4
3169,7
3170,5
3171,1
3172,2
3173,4
3174,2
3175,1
3176,2
3177,2
3178,2
3179,8
3180,1
3181,3
3182,6
3183,7
3184,4
3185,7
3186,1
3187,3
3188,6
3189,2
3190,5
3192,1
3193,3
3194,7
3196,4
3197,4
3198,2
3199,7
3200,4
3201,6
3202,4
3203,4
3204,4
3205,6
3206,3
3207,4
3208,1
3209,1
3210,7
3212,1
3213,1
3214,7
3215,2
3216,4
3217,3
3218,4
3219,4
3220,4
3221,4
3222,7
3223,4
3224,4
3225,1
3226,1
3227,6
3228,5
3229,6
3230,4
3231,4
3232,6
3233,8
3234,4
3236,1
3237,1
3238,2
3239,4
3240,4
3241,4
3242,6
3243,16
3244,2
3245,7
3246,2
3247,1
3248,4
3249,2
3250,6
3251,6
3252,8
3253,1
3254,3
3255,1
3256,2
3257,8
3258,4
3259,2
3260,1
3261,4
3262,1
3263,4
3264,2
3265,2
3266,5
3267,3
3268,3
3269,2
3270,2
3271,5
3272,1
3273,5
3274,2
3275,8
3276,4
3277,1
3278,1
3279,2
3280,2
3281,1
3282,1
3283,5
3284,5
3285,1
3286,3
3287,2
3288,6
3289,4
3290,4
3291,5
3292,1
3293,1
3294,4
3295,7
3297,3
3299,1
3300,5
3301,2
3302,12
3303,11
3304,8
3305,8
3306,4
3307,2
3308,4
3309,2
3310,1
3311,4
3312,2
3313,2
3314,4
3315,6
3316,3
3317,2
3318,4
3319,1
3320,2
3321,2
3322,2
3323,2
3324,6
3325,1
3327,4
3328,4
3329,1
3331,5
3332,4
3333,2
3334,14
3335,1
3336,5
3337,4
3338,1
3339,5
3340,4
3341,1
3342,1
3343,2
3344,7
3345,1
3346,2
3347,1
3348,4
3349,8
3350,2
3351,8
3352,2
3355,4
3356,9
3357,1
3358,1
3359,2
3360,5
3361,2
3362,4
3363,2
3364,7
3365,7
3366,8
3367,7
3368,1
3369,6
3370,2
3371,1
3372,7
3373,5
3374,1
3375,2
3376,3
3377,1
3378,1
3379,5
3380,2
3381,7
3382,4
3383,3
3384,1
3386,3
3387,6
3388,1
3389,6
3390,2
3391,2
3392,2
3393,1
3394,1
3395,1
3396,5
3397,4
3398,8
3399,4
3400,2
3402,6
3403,9
3404,1
3405,4
3406,1
3407,6
3408,4
3409,6
3410,2
3411,4
3412,2
3413,1
3414,1
3415,1
3416,1
3417,8
3418,4
3419,2
3420,1
3421,9
3422,4
3423,2
3424,2
3425,3
3426,1
3427,4
3428,6
3429,2
3430,1
3431,1
3432,4
3433,2
3434,4
3435,1
3436,2
3437,8
3438,1
3439,5
3440,1
3441,2
3442,4
3443,1
3444,1
3445,4
3446,4
3447,6
3448,7
3449,1
3450,4
3451,2
3452,4
3453,8
3454,7
3455,2
3456,1
3457,5
3458,6
3459,2
3460,1
3461,3
3462,1
3463,3
3464,2
3465,7
3466,2
3467,1
3468,7
3469,5
3470,2
3471,3
3472,1
3473,5
3474,6
3475,6
3476,1
3477,1
3478,4
3479,4
3480,8
3482,1
3483,4
3484,1
3485,2
3486,7
3487,2
3488,2
3489,5
3490,3
3491,2
3492,2
3493,4
3494,2
3495,2
3496,2
3497,2
3498,11
3499,1
3501,2
3502,2
3503,2
3504,2
3505,2
3507,4
3508,1
3509,3
3510,4
3511,2
3512,5
3513,4
3514,4
3515,2
3516,4
3517,4
3518,2
3519,11
3520,2
3521,8
3522,8
3523,4
3525,8
3526,5
3527,1
3528,2
3529,4
3530,3
3531,4
3532,4
3533,4
3534,6
3535,2
3536,7
3537,1
3538,1
3539,4
3540,2
3541,7
3542,1
3543,7
3544,3
3545,7
3546,5
3547,4
3548,2
3549,3
3550,5
3551,2
3552,1
3553,1
3554,4
3555,4
3556,2
3557,7
3558,4
3559,1
3561,6
3562,4
3563,4
3564,1
3565,1
3566,2
3567,6
3568,5
3569,2
3570,1
3571,2
3572,1
3573,6
3574,4
3575,1
3576,4
3577,1
3578,6
3579,2
3580,2
3581,5
3582,3
3583,1
3584,6
3585,2
3586,1
3587,2
3588,4
3589,6
3590,4
3591,2
3592,2
3593,4
3594,1
3595,4
3596,4
3598,2
3599,1
3600,2
3601,4
3602,5
3603,2
3604,8
3605,2
3606,1
3607,2
3608,4
3609,4
3610,7
3611,2
3612,5
3613,4
3614,4
3615,2
3616,3
3617,7
3618,4
3619,2
3620,4
3621,8
3622,7
3623,7
3624,1
3625,3
3626,4
3627,4
3628,2
3629,7
3630,4
3631,4
3632,3
3633,6
3634,1
3635,1
3636,4
3637,2
3638,1
3639,2
3640,2
3641,6
3642,4
3643,2
3644,4
3645,2
3646,2
3647,8
3648,8
3649,4
3650,2
3651,2
3652,1
3653,5
3654,5
3655,6
3656,2
3657,1
3658,3
3659,2
3660,3
3661,4
3662,2
3663,2
3664,4
3665,2
3666,3
3667,1
3668,1
3669,1
3670,1
3671,4
3672,4
3673,7
3674,1
3675,2
3676,7
3677,5
3678,2
3679,4
3681,7
3682,6
3683,1
3684,1
3685,4
3686,3
3687,4
3688,2
3689,1
3690,6
3691,4
3692,3
3694,1
3695,1
3696,4
3697,6
3698,2
3699,1
3700,3
3701,5
3702,2
3703,6
3704,1
3705,3
3706,7
3707,2
3708,1
3709,1
3710,1
3711,1
3712,1
3713,2
3714,7
3715,8
3716,2
3718,7
3719,4
3720,4
3721,2
3722,3
3723,4
3724,4
3725,8
3726,1
3727,1
3728,1
3729,4
3730,6
3731,2
3732,4
3733,3
3734,8
3735,4
3736,1
3737,1
3738,4
3739,2
3740,4
3741,4
3742,4
3743,2
3744,5
3745,6
3746,2
3747,4
3748,6
3749,1
3751,4
3752,1
3753,7
3754,7
3755,2
3757,4
3758,1
3759,7
3760,3
3761,4
3762,4
3763,2
3764,8
3765,6
3766,2
3767,2
3768,1
3769,2
3770,1
3771,5
3773,2
3774,2
3775,5
3777,1
3778,1
3779,2
3780,6
3781,4
3782,4
3783,2
3784,2
3785,1
3786,7
3787,8
3788,4
3789,7
3790,3
3791,4
3792,7
3793,1
3794,7
3795,4
3796,3
3797,4
3798,4
3799,2
3800,4
3801,4
3802,4
3803,1
3804,1
3805,4
3806,1
3807,1
3808,6
3809,8
3810,1
3811,1
3812,3
3814,2
3815,3
3816,4
3817,4
3818,1
3819,1
3820,6
3821,7
3823,4
3824,1
3825,2
3826,2
3827,2
3828,2
3830,6
3831,2
3832,2
3833,2
3834,2
3835,2
3836,1
3837,3
3838,1
3839,5
3840,4
3841,3
3842,1
3843,2
3844,4
3845,6
3846,2
3847,8
3848,4
3849,4
3850,2
3851,6
3852,7
3853,6
3855,4
3856,8
3857,7
3858,4
3859,1
3860,5
3861,2
3863,18
3864,4
3865,2
3866,4
3867,2
3868,1
3869,1
3870,4
3871,2
3872,7
3873,2
3874,7
3875,8
3876,1
3877,1
3878,10
3879,1
3880,8
3881,7
3882,3
3883,7
3884,8
3885,2
3886,2
3887,3
3888,2
3889,8
3890,2
3891,1
3893,2
3894,5
3895,4
3896,4
3897,1
3898,1
3899,4
3900,3
3901,7
3902,8
3903,1
3904,1
3905,2
3906,5
3907,2
3908,4
3909,1
3910,2
3911,1
3912,7
3913,4
3914,3
3915,4
3916,1
3917,2
3918,1
3919,1
3920,1
3921,4
3922,5
3923,6
3924,6
3925,4
3926,5
3927,4
3928,4
3929,5
3930,2
3931,4
3932,1
3933,2
3934,2
3936,1
3937,7
3938,7
3939,4
3940,5
3941,2
3942,4
3943,7
3944,7
3945,2
3946,4
3947,2
3948,2
3949,1
3950,1
3951,10
3952,3
3953,2
3954,8
3955,2
3956,1
3957,7
3958,2
3959,4
3960,4
3961,4
3962,1
3963,1
3964,7
3965,3
3966,2
3967,3
3968,5
3969,2
3970,3
3971,4
3972,4
3973,2
3974,2
3975,2
3977,4
3978,1
3979,4
3980,2
3981,3
3982,4
3983,4
3984,1
3985,2
3986,1
3987,8
3988,2
3989,2
3990,7
3991,5
3992,1
3993,1
3994,1
3995,1
3996,2
3997,4
3998,5
3999,1
4000,8
4001,1
4002,3
4003,1
4004,1
4005,4
4006,2
4007,1
4008,8
4009,4
4010,7
4011,2
4012,2
4013,8
4014,1
4015,2
4016,1
4017,8
4018,4
4019,2
4020,2
4021,4
4022,7
4023,7
4024,1
4025,2
4026,6
4027,2
4028,7
4029,4
4030,2
4031,2
4032,4
4033,4
4034,1
4035,4
4036,7
4037,4
4038,1
4039,7
4040,5
4041,4
4042,7
4043,1
4044,4
4045,4
4046,1
4047,2
4048,4
4049,7
4050,4
4051,4
4052,7
4053,4
4054,2
4055,2
4056,1
4057,10
4059,8
4060,1
4061,8
4062,11
4063,7
4064,4
4065,4
4066,8
4067,1
4068,3
4069,1
4070,4
4071,1
4072,4
4073,5
4074,5
4075,4
4076,4
4077,3
4078,7
4079,1
4080,2
4081,1
4082,6
4083,5
4084,7
4085,5
4086,2
4087,7
4088,5
4089,1
4090,4
4091,7
4092,6
4093,2
4094,8
4095,8
4096,1
4097,2
4098,4
4099,1
4101,1
4102,2
4103,1
4104,8
4105,8
4106,2
4107,10
4108,2
4109,2
4110,3
4111,11
4112,1
4113,1
4114,7
4115,1
4116,1
4117,4
4118,3
4119,4
4120,4
4121,3
4122,7
4123,2
4124,12
4125,1
4126,2
4127,1
4128,1
4129,1
4130,3
4131,4
4132,16
4133,1
4134,2
4135,5
4136,2
4137,5
4138,4
4139,2
4140,8
4141,8
4142,1
4143,1
4144,2
4145,4
4146,4
4147,1
4148,4
4149,1
4150,4
4151,5
4152,2
4153,8
4154,2
4155,2
4156,2
4157,5
4158,6
4159,1
4160,1
4161,7
4162,1
4163,4
4164,2
4165,2
4166,5
4167,2
4168,2
4169,8
4170,1
4171,2
4172,4
4173,4
4174,5
4175,4
4176,1
4177,1
4178,5
4179,2
4180,1
4181,6
4182,1
4183,2
4184,1
4185,9
4186,4
4187,7
4188,7
4189,2
4190,1
4191,5
4192,7
4193,7
4194,4
4195,4
4196,4
4197,2
4198,4
4199,4
4200,8
4201,1
4202,4
4203,2
4204,6
4205,2
4206,4
4207,2
4208,1
4209,5
4210,4
4211,3
4212,2
4213,7
4214,1
4215,2
4216,4
4217,6
4218,1
4219,1
4220,3
4221,4
4222,4
4223,2
4224,5
4225,1
4226,1
4227,2
4228,7
4229,2
4230,2
4231,2
4232,6
4233,3
4234,3
4235,1
4236,11
4237,2
4238,7
4239,7
4240,6
4241,4
4242,3
4243,4
4244,1
4245,2
4246,1
4247,2
4248,1
4250,7
4251,1
4252,10
4253,4
4254,1
4255,4
4257,3
4258,4
4259,4
4261,2
4262,5
4263,4
4264,7
4265,2
4266,1
4267,5
4268,1
4269,7
4270,8
4271,2
4272,8
4273,2
4274,1
4275,8
4276,1
4277,4
4278,1
4279,1
4280,5
4281,4
4282,4
4283,4
4284,5
4285,4
4286,4
4287,2
4288,4
4289,2
4290,7
4291,2
4292,12
4293,1
4294,8
4295,2
4296,2
4297,1
4298,1
4299,5
4300,5
4301,3
4302,1
4303,6
4304,7
4305,4
4306,1
4307,4
4308,4
4309,3
4310,7
4311,8
4312,1
4313,4
4314,6
4315,4
4316,3
4317,6
4319,4
4320,6
4322,1
4323,1
4324,1
4325,1
4326,2
4327,6
4328,7
4329,5
4330,1
4331,2
4332,2
4333,5
4334,1
4335,2
4336,2
4337,6
4338,2
4339,7
4340,7
4341,4
4342,7
4343,8
4344,2
4345,4
4346,1
4347,4
4348,4
4349,3
4350,4
4351,1
4352,4
4353,1
4354,5
4355,6
4356,5
4357,4
4358,1
4359,7
4360,1
4361,1
4362,2
4363,7
4364,7
4365,5
4366,2
4367,1
4368,2
4369,1
4370,1
4371,2
4372,1
4373,7
4374,8
4375,4
4376,2
4377,1
4378,1
4379,1
4380,3
4381,2
4382,1
4383,1
4384,4
4385,1
4386,1
4387,4
4388,2
4389,2
4390,2
4391,1
4392,4
4393,4
4394,2
4395,8
4396,4
4397,1
4398,2
4399,1
4400,1
4401,4
4402,1
4403,4
4404,5
4405,1
4406,4
4407,1
4408,2
4409,1
4410,3
4411,2
4412,7
4413,6
4414,5
4415,2
4416,2
4417,1
4418,2
4419,5
4420,7
4421,1
4422,4
4423,6
4424,1
4425,1
4426,2
4427,2
4428,2
4429,1
4430,4
4431,2
4432,1
4433,1
4434,1
4436,4
4437,8
4438,6
4439,2
4440,4
4441,2
4442,2
4443,3
4444,2
4445,6
4446,8
4447,5
4448,1
4449,1
4450,1
4451,4
4452,1
4453,2
4454,4
4455,11
4456,1
4457,3
4458,2
4459,1
4460,7
4461,1
4462,2
4463,9
4464,8
4465,2
4466,1
4467,4
4468,6
4469,2
4470,1
4471,4
4472,12
4473,4
4474,3
4475,4
4476,4
4477,1
4478,1
4479,9
4480,7
4481,8
4482,2
4483,4
4484,2
4485,7
4486,8
4488,1
4489,1
4490,2
4491,2
4492,4
4493,14
4494,11
4495,5
4496,2
4497,8
4498,7
4499,4
4500,2
4501,2
4502,2
4503,1
4504,1
4505,7
4506,4
4507,6
4508,1
4509,1
4510,5
4511,5
4512,4
4513,4
4514,5
4515,11
4516,5
4517,6
4518,5
4519,9
4520,2
4521,2
4522,11
4523,6
4525,1
4526,18
4527,1
4528,1
4529,3
4530,1
4531,1
4532,6
4533,7
4534,8
4535,1
4536,1
4537,8
4538,8
4539,2
4540,2
4541,7
4542,4
4543,7
4545,5
4546,1
4547,1
4548,6
4549,2
4550,1
4551,7
4552,3
4553,2
4554,5
4555,6
4556,2
4557,1
4558,6
4559,4
4560,3
4561,1
4562,6
4563,3
4564,8
4565,2
4566,1
4567,6
4568,1
4569,1
4570,7
4571,1
4572,4
4573,4
4574,3
4575,6
4576,2
4577,3
4578,8
4579,2
4580,2
4581,8
4582,6
4583,5
4584,1
4585,2
4586,1
4587,1
4588,1
4589,1
4590,8
4591,4
4592,1
4593,4
4594,7
4595,1
4596,4
4597,1
4598,8
4599,4
4600,6
4601,1
4602,2
4603,4
4604,8
4605,4
4606,1
4607,1
4608,1
4609,5
4610,2
4611,4
4612,4
4613,3
4614,2
4615,1
4616,4
4617,3
4618,5
4619,4
4620,1
4621,5
4622,1
4623,1
4624,1
4625,1
4627,2
4628,2
4629,1
4630,10
4631,7
4632,4
4633,4
4634,2
4635,4
4636,4
4637,1
4638,1
4639,1
4640,2
4641,2
4642,4
4643,4
4644,5
4645,8
4646,4
4647,1
4648,7
4649,11
4650,6
4651,2
4652,1
4653,4
4654,2
4655,4
4656,2
4657,2
4658,9
4659,2
4660,4
4661,2
4662,4
4663,1
4664,4
4665,2
4666,2
4667,4
4668,5
4669,2
4670,7
4671,1
4672,2
4673,5
4674,7
4675,4
4676,1
4677,3
4678,8
4679,3
4680,2
4681,4
4682,4
4683,2
4684,2
4685,4
4686,1
4687,1
4688,2
4689,3
4690,3
4691,1
4692,3
4693,2
4694,2
4695,5
4696,3
4697,2
4698,3
4699,4
4700,1
4701,1
4702,4
4703,2
4704,4
4705,1
4706,2
4707,4
4708,2
4709,1
4710,4
4711,2
4712,3
4713,3
4714,5
4715,7
4716,2
4717,2
4718,5
4719,3
4720,4
4721,1
4722,3
4723,3
4724,2
4725,4
4726,1
4727,1
4728,4
4729,1
4730,2
4731,2
4733,2
4734,2
4735,3
4736,7
4737,8
4738,5
4739,2
4740,1
4741,6
4742,1
4744,8
4745,1
4746,2
4747,1
4749,1
4750,3
4751,8
4752,3
4753,1
4754,7
4755,2
4756,4
4757,6
4758,7
4759,2
4760,2
4761,4
4762,14
4763,3
4764,6
4765,2
4766,7
4767,6
4768,1
4769,2
4770,2
4771,8
4772,2
4773,1
4774,5
4775,6
4776,4
4777,2
4778,2
4779,4
4780,2
4781,1
4782,2
4783,3
4784,1
4785,7
4786,6
4787,2
4788,4
4789,1
4790,4
4791,2
4792,6
4793,8
4794,2
4795,7
4796,4
4797,1
4798,4
4799,2
4800,1
4801,4
4802,4
4803,5
4804,5
4805,1
4806,4
4807,3
4808,14
4809,8
4810,9
4811,10
4812,4
4813,6
4814,7
4815,6
4816,6
4817,8
4818,2
4819,4
4820,5
4821,2
4822,1
4823,4
4824,2
4825,4
4826,8
4827,2
4828,1
4829,1
4830,1
4831,4
4833,1
4834,1
4835,6
4837,6
4838,4
4839,2
4840,1
4841,1
4842,5
4843,2
4844,3
4845,6
4846,2
4847,8
4848,1
4849,4
4850,7
4851,8
4852,4
4853,2
4854,1
4855,4
4856,7
4857,7
4858,4
4859,2
4860,2
4862,4
4863,1
4864,2
4865,2
4866,1
4867,4
4868,1
4869,2
4870,1
4871,2
4872,6
4873,4
4874,4
4875,1
4876,8
4877,2
4878,4
4879,6
4880,1
4881,4
4882,1
4883,6
4884,6
4885,2
4886,4
4887,5
4888,6
4889,7
4890,4
4891,3
4892,4
4893,2
4894,1
4895,4
4896,8
4897,4
4898,2
4899,2
4900,5
4901,4
4902,6
4903,4
4904,4
4905,3
4906,2
4907,7
4908,4
4909,2
4910,7
4911,5
4912,3
4913,1
4914,1
4915,4
4916,5
4917,5
4918,7
4919,4
4920,2
4921,6
4922,4
4923,3
4924,2
4925,1
4926,3
4927,2
4928,2
4929,5
4930,2
4931,1
4932,7
4933,1
4934,2
4935,2
4936,5
4937,4
4938,5
4939,4
4940,2
4941,7
4942,3
4943,2
4944,1
4945,3
4947,4
4948,4
4949,4
4950,3
4951,4
4952,2
4953,11
4954,1
4955,1
4956,2
4957,2
4958,1
4959,5
4960,1
4961,2
4962,1
4963,1
4964,1
4965,1
4966,2
4967,1
4968,9
4969,4
4970,1
4971,1
4972,2
4973,1
4974,7
4975,1
4976,1
4977,1
4978,2
4979,4
4980,2
4981,8
4982,1
4983,4
4984,8
4985,1
4986,6
4987,2
4988,4
4990,2
4991,1
4992,4
4993,1
4994,5
4995,1
4996,1
4997,3
4998,5
4999,2
5000,6
5001,4
5002,2
5003,1
5004,4
5005,1
5006,16
5007,5
5008,4
5009,4
5010,4
5011,2
5012,6
5013,8
5014,2
5015,1
5016,6
5017,4
5018,2
5019,2
5020,1
5021,4
5022,1
5023,2
5024,4
5025,1
5026,5
5027,7
5028,7
5029,4
5031,7
5032,1
5033,2
5034,2
5035,4
5036,1
5037,7
5038,3
5039,6
5041,1
5042,1
5043,2
5044,1
5045,4
5046,1
5047,1
5048,8
5049,1
5050,3
5051,6
5052,4
5053,1
5054,7
5055,2
5056,1
5057,1
5058,6
5059,2
5060,3
5061,4
5062,3
5063,1
5064,1
5065,2
5066,2
5067,3
5068,1
5069,2
5070,4
5071,2
5072,2
5073,7
5074,1
5075,1
5076,2
5077,4
5078,1
5079,2
5080,1
5081,4
5082,2
5083,6
5084,4
5085,7
5086,4
5087,6
5088,10
5089,1
5090,1
5091,5
5092,6
5093,5
5094,1
5095,2
5096,2
5097,7
5098,1
5100,4
5101,6
5102,2
5103,2
5104,1
5105,4
5107,6
5108,7
5109,1
5111,1
5112,4
5113,7
5114,4
5115,4
5116,4
5117,1
5118,8
5119,6
5120,8
5121,1
5122,4
5124,5
5125,1
5126,6
5127,2
5128,4
5129,4
5130,1
5131,5
5132,6
5133,5
5134,2
5135,6
5136,4
5137,1
5138,7
5139,9
5140,4
5141,1
5142,6
5143,7
5144,4
5146,3
5147,4
5148,1
5149,8
5150,1
5151,4
5152,2
5153,4
5154,1
5155,1
5156,1
5157,1
5158,4
5160,1
5161,1
5162,1
5163,5
5164,5
5165,1
5166,1
5167,4
5168,7
5169,4
5170,1
5171,1
5172,2
5173,4
5174,4
5175,5
5176,1
5177,2
5178,2
5179,3
5181,2
5182,2
5183,2
5184,7
5185,2
5186,2
5187,4
5188,6
5189,8
5190,2
5192,4
5193,8
5194,1
5195,1
5196,4
5197,1
5198,2
5199,1
5200,3
5201,4
5202,4
5203,1
5204,6
5205,8
5206,1
5207,1
5208,1
5209,2
5210,2
5211,3
5212,5
5213,2
5214,1
5215,1
5216,3
5217,1
5218,5
5219,2
5220,8
5221,4
5222,2
5223,5
5224,2
5225,4
5226,6
5227,1
5228,4
5229,2
5230,1
5231,6
5232,4
5233,10
5234,3
5235,4
5236,4
5237,2
5238,2
5239,5
5240,8
5241,1
5242,4
5244,2
5245,5
5246,1
5247,1
5248,1
5249,4
5250,2
5251,2
5252,2
5253,3
5254,2
5255,4
5256,6
5257,5
5258,7
5259,4
5260,1
5261,4
5262,2
5263,1
5264,4
5265,4
5266,2
5267,4
5268,1
5269,4
5270,2
5271,4
5272,4
5273,2
5274,5
5275,2
5276,2
5277,2
5278,2
5279,8
5280,1
5281,1
5282,1
5283,4
5284,10
5285,1
5286,1
5287,7
5288,3
5289,6
5290,1
5291,2
5292,7
5294,2
5295,3
5296,3
5297,4
5298,2
5299,1
5300,8
5301,4
5302,1
5303,1
5304,2
5305,1
5306,2
5307,1
5308,5
5309,4
5310,4
5311,2
5312,4
5313,7
5314,4
5315,6
5316,2
5317,8
5318,7
5319,7
5320,4
5321,3
5323,9
5324,3
5325,2
5326,4
5327,9
5328,2
5329,4
5330,4
5331,1
5332,4
5333,4
5334,1
5335,5
5336,1
5337,4
5338,1
5339,2
5340,2
5341,1
5343,1
5344,2
5345,2
5346,5
5347,3
5348,7
5349,1
5350,1
5351,4
5352,4
5353,4
5354,4
5355,1
5356,6
5357,2
5358,1
5359,2
5360,2
5361,7
5362,7
5363,6
5364,1
5365,5
5366,2
5367,1
5369,1
5370,2
5371,2
5372,4
5374,2
5375,2
5376,4
5377,6
5378,8
5379,1
5380,6
5381,4
5382,4
5383,4
5384,4
5385,4
5386,2
5387,1
5388,6
5389,5
5390,1
5391,2
5392,4
5393,4
5394,8
5395,6
5396,4
5397,1
5398,7
5399,1
5400,1
5401,9
5402,1
5403,1
5404,8
5405,4
5406,2
5407,5
5408,4
5409,7
5410,4
5411,11
5412,2
5413,1
5414,1
5415,4
5416,3
5417,2
5418,5
5419,4
5420,7
5421,4
5422,2
5423,2
5424,1
5425,6
5426,4
5427,7
5428,2
5429,9
5430,4
5431,1
5432,6
5433,6
5434,2
5435,5
5436,2
5438,4
5439,4
5440,4
5441,1
5442,5
5443,1
5444,12
5445,4
5446,2
5447,4
5448,3
5449,3
5450,4
5451,2
5452,2
5453,1
5454,5
5455,5
5456,4
5457,1
5458,2
5459,4
5460,1
5461,1
5462,9
5463,8
5464,2
5465,7
5466,1
5467,2
5468,8
5469,5
5470,2
5471,7
5472,2
5473,9
5474,8
5475,1
5476,7
5477,3
5479,4
5480,2
5481,2
5482,5
5483,11
5484,7
5485,8
5486,1
5487,1
5488,5
5489,7
5490,3
5491,1
5492,1
5493,1
5494,6
5495,1
5496,2
5497,3
5498,2
5499,3
5500,5
5501,1
5502,8
5503,4
5504,2
5505,2
5506,7
5507,1
5508,1
5509,8
5511,2
5512,2
5513,1
5514,3
5515,2
5516,1
5517,1
5518,1
5519,4
5520,8
5521,4
5522,11
5523,3
5524,1
5525,2
5526,5
5527,4
5528,1
5529,1
5530,4
5532,1
5533,4
5534,4
5535,4
5536,1
5537,1
5538,1
5539,1
5540,1
5541,2
5542,4
5543,5
5544,3
5545,11
5546,1
5547,4
5548,7
5549,1
5550,4
5551,4
5552,2
5553,5
5554,4
5555,3
5556,4
5557,2
5558,1
5559,3
5560,4
5561,3
5562,4
5563,3
5564,1
5565,6
5566,4
5567,5
5568,4
5569,6
5571,2
5572,4
5573,6
5574,4
5575,4
5576,6
5577,7
5578,1
5579,1
5580,7
5581,2
5582,7
5583,2
5584,1
5585,2
5586,1
5587,1
5588,4
5589,2
5590,4
5591,2
5592,2
5593,4
5594,8
5595,5
5596,3
5597,5
5598,1
5599,2
5600,7
5601,2
5602,5
5603,4
5604,2
5605,3
5606,1
5607,1
5608,7
5609,4
5610,4
5611,6
5612,2
5613,1
5614,8
5615,4
5616,2
5617,3
5618,3
5619,9
5620,8
5621,4
5622,1
5623,6
5625,4
5626,2
5627,2
5628,2
5629,4
5630,2
5631,1
5632,2
5634,1
5635,2
5636,1
5637,8
5638,2
5639,5
5640,1
5641,2
5642,1
5643,2
5644,4
5645,1
5646,5
5647,8
5648,1
5649,2
5650,2
5651,6
5652,4
5653,2
5654,1
5655,2
5656,1
5657,3
5658,4
5659,2
5660,9
5661,8
5662,6
5663,4
5664,1
5665,1
5666,4
5667,1
5668,1
5669,6
5671,2
5672,5
5673,1
5674,3
5675,5
5676,8
5677,1
5678,6
5679,9
5680,2
5681,2
5682,2
5683,8
5684,2
5685,4
5686,6
5687,4
5688,7
5689,2
5690,2
5691,3
5692,5
5693,4
5694,11
5695,3
5696,4
5697,2
5698,2
5699,4
5700,2
5701,1
5702,2
5703,8
5704,2
5705,6
5706,15
5707,1
5708,1
5709,1
5710,7
5711,1
5712,1
5714,4
5716,5
5717,8
5718,4
5721,4
5722,8
5723,6
5724,1
5725,4
5726,8
5727,7
5728,1
5729,1
5730,4
5731,1
5732,1
5733,1
5734,1
5735,2
5736,2
5737,4
5738,4
5739,4
5740,4
5741,4
5742,6
5743,4
5744,1
5745,4
5746,7
5747,5
5748,1
5749,8
5750,2
5751,8
5752,2
5753,5
5754,1
5755,7
5756,1
5757,6
5758,6
5760,2
5761,1
5762,2
5763,5
5764,3
5765,2
5767,4
5768,4
5769,2
5770,5
5771,4
5772,3
5773,2
5774,4
5775,1
5776,5
5777,1
5778,1
5779,3
5780,4
5781,4
5782,1
5783,7
5784,1
5785,4
5786,2
5787,4
5788,1
5789,4
5790,5
5791,7
5792,2
5793,4
5794,7
5795,8
5796,2
5797,4
5798,2
5799,4
5800,4
5801,7
5802,4
5803,7
5804,2
5805,7
5806,2
5807,4
5808,7
5809,2
5810,1
5811,7
5812,1
5813,2
5814,4
5815,4
5816,1
5817,1
5818,2
5819,8
5820,1
5821,1
5822,2
5823,12
5824,3
5825,1
5826,2
5827,1
5828,2
5829,4
5830,2
5831,2
5832,4
5833,5
5835,1
5836,4
5837,5
5838,1
5839,1
5840,4
5841,1
5842,11
5843,2
5844,6
5845,8
5846,7
5847,2
5848,8
5849,12
5850,3
5851,1
5852,8
5853,7
5854,3
5855,7
5856,1
5857,4
5858,1
5859,1
5860,4
5861,7
5862,4
5863,5
5864,2
5865,7
5866,7
5867,2
5868,2
5869,3
5870,1
5871,3
5872,4
5873,7
5875,7
5876,1
5877,8
5878,3
5879,4
5880,2
5881,4
5882,2
5884,4
5885,4
5886,5
5887,4
5888,7
5889,4
5890,1
5891,4
5892,4
5893,8
5894,2
5895,4
5896,7
5897,1
5898,5
5899,7
5900,1
5901,4
5902,2
5903,3
5904,8
5905,4
5906,4
5907,5
5908,1
5909,1
5910,2
5911,1
5912,1
5913,5
5914,3
5915,18
5916,2
5917,1
5918,4
5919,1
5920,3
5921,7
5922,2
5923,4
5925,2
5926,4
5927,1
5928,2
5929,13
5930,1
5931,11
5932,6
5933,5
5934,4
5935,8
5936,3
5937,1
5938,4
5939,2
5940,1
5941,9
5942,4
5943,4
5944,2
5945,6
5946,1
5947,4
5948,4
5949,11
5950,4
5951,4
5952,1
5953,8
5954,4
5955,1
5956,1
5957,3
5958,7
5959,12
5960,4
5961,2
5962,13
5963,8
5964,4
5965,4
5966,8
5967,3
5968,4
5969,1
5970,2
5971,4
5972,3
5973,2
5975,4
5976,4
5977,2
5978,1
5979,3
5980,2
5981,1
5982,5
5984,2
5985,2
5986,4
5987,3
5988,6
5989,3
5990,4
5991,1
5992,2
5993,4
5994,4
5995,4
5996,3
5997,9
5998,6
5999,1
6000,5
6001,6
6002,2
6003,5
6004,2
6005,1
6006,8
6007,2
6008,4
6009,2
6010,7
6011,1
6012,1
6013,2
6014,4
6015,7
6016,2
6017,2
6018,6
6019,4
6020,5
6021,4
6023,4
6024,4
6025,2
6026,7
6027,4
6028,4
6029,2
6030,4
6031,9
6032,1
6033,1
6034,7
6035,2
6036,4
6037,4
6038,2
6039,6
6040,7
6041,7
6042,4
6043,4
6044,1
6045,7
6046,1
6047,2
6048,2
6049,12
6050,3
6051,4
6052,2
6053,3
6054,5
6055,11
6056,4
6057,4
6058,1
6059,6
6060,5
6061,2
6062,4
6063,6
6064,1
6065,1
6067,2
6068,2
6069,1
6070,1
6071,2
6072,2
6073,1
6074,7
6075,2
6076,7
6077,1
6078,1
6079,2
6080,4
6081,3
6082,1
6083,11
6084,5
6085,2
6086,1
6087,2
6088,4
6089,1
6090,2
6091,2
6092,1
6093,1
6094,3
6095,1
6096,5
6097,3
6098,4
6099,12
6100,4
6101,4
6102,12
6103,4
6104,7
6105,6
6106,2
6107,4
6108,1
6109,4
6110,4
6111,1
6112,1
6113,5
6114,7
6115,4
6116,2
6117,4
6118,3
6119,8
6120,4
6121,3
6122,4
6123,2
6124,7
6125,4
6126,2
6127,2
6128,7
6129,3
6130,4
6131,1
6132,2
6133,3
6134,1
6135,2
6136,7
6138,2
6139,1
6141,4
6142,8
6143,1
6144,3
6145,4
6146,4
6147,2
6148,3
6149,2
6150,2
6151,4
6152,2
6153,4
6154,4
6155,4
6158,5
6159,7
6160,2
6161,4
6162,3
6163,4
6164,2
6165,4
6166,4
6167,4
6168,3
6169,7
6171,8
6174,2
6175,8
6176,5
6177,7
6178,1
6179,4
6180,7
6181,8
6182,2
6183,1
6184,2
6185,6
6186,1
6187,8
6188,5
6189,8
6190,6
6191,7
6192,8
6193,10
6194,1
6195,2
6196,4
6197,4
6198,2
6199,1
6200,7
6201,2
6202,1
6203,3
6204,2
6205,2
6206,4
6207,2
6208,6
6209,3
6210,5
6211,3
6212,2
6213,4
6214,2
6215,1
6216,2
6217,4
6218,9
6219,3
6220,1
6221,2
6222,5
6223,5
6224,7
6225,4
6226,1
6227,1
6228,5
6229,4
6230,4
6231,8
6232,4
6233,7
6234,1
6235,2
6236,2
6237,4
6238,4
6239,14
6240,4
6241,5
6242,7
6243,5
6244,10
6245,6
6247,4
6248,2
6249,2
6250,1
6252,2
6253,2
6254,5
6255,5
6256,4
6257,2
6258,3
6259,1
6260,3
6261,1
6262,2
6263,7
6264,8
6265,9
6266,7
6267,5
6268,4
6269,1
6270,4
6271,4
6272,2
6273,7
6274,4
6275,2
6276,5
6277,2
6278,7
6279,3
6280,9
6281,1
6282,1
6283,1
6284,6
6285,4
6286,1
6287,4
6288,2
6289,1
6290,12
6291,1
6292,3
6293,1
6294,1
6295,4
6296,6
6297,4
6298,3
6299,6
6300,1
6301,2
6302,1
6303,5
6304,1
6305,4
6306,1
6307,4
6309,5
6310,7
6311,1
6312,4
6313,6
6314,5
6315,2
6316,6
6317,6
6318,5
6320,6
6321,2
6322,4
6323,4
6324,5
6325,1
6326,1
6327,1
6328,1
6329,8
6330,4
6332,1
6333,4
6334,7
6336,7
6337,4
6338,4
6339,1
6340,1
6341,5
6342,4
6343,7
6344,1
6346,4
6347,4
6348,6
6349,1
6351,1
6352,2
6353,4
6354,4
6355,2
6356,4
6358,5
6359,4
6360,4
6361,10
6362,2
6363,5
6364,1
6365,3
6366,7
6367,12
6368,10
6369,6
6370,2
6371,1
6372,5
6373,3
6374,9
6375,4
6376,4
6377,5
6378,2
6379,4
6380,1
6381,4
6382,4
6383,6
6384,4
6385,4
6386,7
6387,1
6388,4
6389,4
6390,2
6391,7
6392,3
6393,7
6394,4
6395,8
6396,1
6397,4
6399,1
6400,4
6401,2
6402,9
6403,2
6404,7
6405,5
6406,11
6407,1
6408,4
6409,1
6410,5
6411,5
6412,12
6413,7
6414,2
6415,4
6416,1
6417,1
6418,1
6419,5
6420,4
6421,4
6422,1
6423,1
6424,4
6425,5
6426,8
6427,4
6428,8
6429,5
6431,7
6432,4
6433,7
6434,1
6435,1
6436,7
6437,1
6438,2
6439,5
6440,5
6441,4
6443,2
6444,1
6445,3
6446,8
6447,1
6448,7
6449,6
6450,5
6451,4
6452,3
6453,5
6454,7
6455,8
6456,2
6457,3
6458,5
6459,4
6461,2
6462,4
6463,8
6464,1
6465,15
6466,1
6467,2
6468,5
6469,6
6470,4
6471,1
6472,4
6473,6
6474,1
6475,1
6477,2
6478,2
6479,2
6480,1
6481,1
6482,2
6483,4
6484,4
6485,7
6486,5
6487,4
6488,2
6489,5
6490,1
6491,4
6492,7
6493,2
6494,2
6495,8
6496,7
6497,5
6498,1
6499,1
6500,4
6501,4
6502,4
6503,4
6504,2
6505,1
6506,1
6507,1
6508,3
6509,1
6510,4
6511,1
6512,1
6513,8
6514,2
6515,1
6516,1
6517,1
6518,2
6519,6
6520,1
6521,4
6522,1
6523,1
6525,4
6526,3
6527,1
6529,2
6530,1
6531,7
6532,4
6533,1
6534,1
6535,4
6536,4
6537,5
6538,2
6539,2
6540,7
6542,1
6543,4
6544,1
6545,4
6546,4
6547,2
6548,4
6549,4
6550,4
6551,4
6552,7
6553,4
6554,7
6555,1
6556,4
6557,2
6558,4
6559,1
6560,2
6561,4
6562,4
6563,6
6564,4
6565,3
6566,4
6567,2
6568,4
6569,7
6570,4
6571,2
6572,5
6573,12
6574,7
6575,4
6576,5
6577,1
6578,4
6579,7
6580,5
6581,3
6582,2
6583,3
6584,2
6585,6
6586,4
6587,1
6588,5
6589,1
6590,4
6591,2
6592,1
6593,3
6594,5
6595,1
6596,3
6598,1
6599,6
6600,7
6601,7
6602,5
6603,1
6604,4
6605,4
6606,16
6607,9
6609,6
6610,1
6611,1
6612,1
6613,6
6614,2
6615,4
6616,5
6617,1
6619,4
6620,2
6621,1
6622,2
6623,5
6624,3
6626,8
6627,8
6628,1
6629,2
6630,3
6631,4
6632,2
6633,4
6634,2
6635,4
6636,6
6637,5
6638,2
6639,7
6640,4
6641,4
6642,4
6643,6
6645,2
6646,1
6647,1
6648,1
6649,1
6650,5
6651,3
6652,7
6653,1
6654,2
6655,5
6656,1
6657,2
6659,2
6660,2
6662,2
6663,6
6664,1
6665,4
6666,1
6667,16
6668,2
6670,2
6671,2
6672,4
6673,6
6674,7
6675,4
6676,7
6677,6
6678,1
6679,2
6680,9
6681,2
6682,7
6683,4
6684,4
6685,5
6686,1
6687,5
6688,1
6689,1
6690,8
6692,4
6693,3
6694,1
6695,1
6696,4
6697,2
6698,1
6699,1
6700,1
6701,1
6702,2
6703,1
6704,4
6705,1
6706,2
6707,5
6708,7
6709,8
6710,1
6711,4
6712,2
6713,1
6714,1
6715,12
6716,1
6717,3
6718,14
6719,1
6720,2
6721,4
6722,2
6724,6
6726,4
6727,1
6728,4
6729,4
6730,6
6731,1
6732,1
6733,4
6734,5
6735,6
6736,2
6737,1
6738,2
6739,4
6740,3
6741,2
6742,1
6743,18
6744,1
6745,4
6746,1
6747,7
6748,6
6749,15
6750,6
6751,4
6752,1
6753,4
6754,5
6755,5
6756,5
6757,4
6758,4
6759,1
6760,2
6761,2
6762,3
6763,7
6764,1
6765,6
6766,1
6767,5
6768,2
6769,4
6770,4
6771,6
6772,1
6773,4
6774,1
6775,3
6776,7
6778,8
6779,2
6780,2
6781,4
6782,2
6783,4
6784,4
6785,2
6786,2
6787,2
6788,6
6789,2
6790,7
6791,2
6792,2
6793,1
6794,4
6795,2
6796,1
6797,9
6798,3
6799,4
6800,4
6801,5
6802,4
6803,15
6804,4
6805,1
6806,2
6807,9
6808,4
6809,2
6810,2
6811,1
6812,6
6813,1
6814,7
6815,1
6816,11
6817,1
6818,2
6819,7
6820,1
6821,2
6822,4
6823,4
6824,2
6825,5
6828,1
6829,1
6830,12
6832,2
6833,3
6834,1
6835,6
6836,3
6837,4
6838,5
6839,1
6840,2
6841,6
6842,8
6843,4
6844,10
6845,4
6846,2
6847,4
6848,8
6849,2
6850,1
6851,1
6852,2
6853,2
6854,2
6855,1
6856,8
6858,2
6859,5
6860,4
6861,5
6862,7
6863,3
6864,1
6866,1
6867,4
6868,1
6869,4
6872,1
6873,4
6874,4
6875,1
6876,1
6877,5
6878,2
6880,4
6881,1
6882,4
6883,4
6884,2
6885,1
6886,1
6888,1
6889,5
6890,2
6891,1
6892,4
6893,1
6894,2
6895,7
6896,1
6897,2
6898,6
6899,2
6900,4
6901,2
6902,3
6903,1
6904,1
6905,1
6906,4
6907,4
6908,2
6909,4
6910,9
6911,4
6913,1
6914,7
6915,1
6916,1
6917,5
6918,2
6919,2
6920,4
6921,5
6922,4
6923,5
6924,3
6925,4
6926,1
6927,4
6929,1
6930,5
6931,2
6932,4
6933,7
6934,4
6935,1
6936,6
6937,2
6938,7
6939,4
6940,11
6941,4
6942,4
6943,1
6944,1
6945,1
6946,3
6947,1
6948,6
6950,2
6951,4
6952,1
6953,4
6955,1
6956,1
6957,1
6958,6
6959,1
6960,5
6961,4
6962,2
6963,8
6964,2
6965,2
6966,2
6967,5
6968,3
6969,6
6970,2
6971,4
6972,7
6973,4
6974,2
6975,4
6976,4
6977,2
6978,4
6979,8
6980,4
6981,4
6982,1
6983,1
6984,4
6985,8
6986,4
6987,2
6988,4
6989,4
6990,5
6991,2
6992,1
6993,7
6994,2
6995,1
6996,6
6997,1
6998,2
6999,4
7000,1
7001,4
7002,6
7003,1
7004,2
7005,4
7006,5
7007,1
7008,4
7009,4
7010,5
7011,5
7012,1
7013,1
7014,4
7015,5
7016,5
7017,1
7018,2
7019,4
7021,4
7022,8
7023,4
7024,1
7025,1
7026,2
7028,4
7029,1
7030,3
7031,1
7032,8
7033,4
7034,1
7035,4
7036,14
7037,1
7039,2
7041,1
7042,8
7043,4
7044,6
7045,1
7046,4
7047,4
7048,4
7049,2
7050,1
7051,1
7052,8
7053,1
7054,4
7055,1
7056,2
7057,6
7058,4
7059,2
7060,1
7061,5
7062,3
7063,1
7064,9
7065,1
7066,7
7067,6
7070,5
7071,1
7072,2
7073,3
7074,15
7075,1
7076,3
7077,7
7078,2
7079,5
7080,2
7081,1
7082,5
7083,7
7084,7
7085,1
7086,2
7087,7
7088,2
7089,1
7090,15
7091,3
7092,4
7093,3
7094,4
7095,1
7096,2
7097,1
7098,4
7099,1
7100,4
7101,9
7102,1
7103,4
7104,4
7105,8
7106,3
7107,8
7108,5
7110,3
7111,1
7112,7
7114,4
7115,5
7116,3
7117,6
7118,2
7119,4
7120,6
7121,5
7122,2
7123,1
7124,2
7125,7
7126,1
7127,1
7128,4
7129,1
7130,6
7131,4
7132,7
7133,9
7134,1
7135,8
7136,1
7137,1
7138,3
7139,2
7140,1
7142,4
7143,4
7144,3
7145,4
7146,1
7148,4
7149,1
7150,1
7151,2
7152,6
7153,2
7154,1
7155,1
7156,7
7157,6
7158,2
7159,4
7160,4
7161,14
7162,4
7163,3
7164,4
7165,4
7166,3
7167,2
7168,4
7169,1
7170,2
7171,9
7172,1
7173,1
7174,8
7175,4
7176,4
7177,4
7178,1
7179,3
7180,9
7181,6
7182,2
7183,5
7184,2
7185,2
7186,1
7187,6
7188,2
7189,3
7190,1
7191,14
7192,9
7193,11
7194,4
7195,4
7196,5
7197,2
7198,1
7199,1
7200,4
7201,2
7202,3
7203,6
7204,1
7205,5
7206,2
7207,4
7208,1
7209,2
7210,5
7211,1
7212,4
7213,10
7214,6
7215,2
7216,1
7217,9
7218,2
7219,2
7221,4
7222,5
7223,7
7224,4
7225,5
7226,1
7227,1
7228,4
7229,3
7230,7
7231,6
7232,1
7233,2
7234,8
7235,6
7236,1
7237,2
7238,4
7239,5
7240,2
7241,2
7242,1
7243,2
7244,4
7245,4
7246,2
7247,2
7248,1
7249,6
7250,3
7251,1
7252,8
7253,2
7254,2
7255,5
7256,2
7257,7
7258,4
7259,1
7260,2
7261,2
7262,4
7263,4
7264,4
7265,1
7266,2
7267,2
7268,4
7269,1
7270,14
7271,4
7272,4
7273,4
7274,1
7275,2
7276,1
7277,1
7278,4
7279,4
7280,7
7281,4
7282,6
7283,8
7284,3
7285,4
7286,2
7287,5
7288,3
7289,1
7290,1
7291,4
7292,1
7293,1
7294,4
7295,7
7296,4
7297,2
7298,1
7299,4
7300,3
7301,3
7302,2
7303,1
7304,1
7305,6
7306,2
7307,1
7308,1
7309,7
7310,6
7311,1
7312,1
7313,1
7314,7
7315,4
7316,2
7317,4
7318,4
7319,1
7320,7
7321,4
7322,1
7323,4
7324,1
7325,1
7326,1
7327,12
7328,2
7329,4
7330,8
7331,1
7332,3
7333,1
7334,6
7335,1
7336,7
7337,1
7338,4
7339,7
7340,8
7341,2
7342,1
7343,3
7344,1
7345,2
7346,2
7347,4
7348,3
7349,1
7350,4
7351,4
7352,8
7353,16
7354,7
7355,7
7356,4
7357,2
7358,6
7359,6
7360,6
7361,1
7362,7
7363,8
7364,1
7365,5
7366,1
7367,4
7368,2
7369,2
7370,5
7371,7
7372,5
7373,4
7374,8
7375,3
7376,5
7377,6
7378,1
7379,6
7380,1
7381,2
7382,5
7383,4
7384,2
7385,5
7386,1
7387,3
7388,4
7389,5
7390,4
7391,4
7392,7
7393,4
7394,4
7395,6
7396,4
7397,4
7398,2
7399,2
7400,2
7401,4
7402,4
7403,3
7404,9
7405,4
7406,7
7407,1
7408,8
7409,4
7410,1
7411,1
7412,3
7413,6
7414,4
7415,5
7416,1
7418,1
7419,4
7420,1
7421,2
7422,2
7423,2
7424,10
7425,2
7426,6
7427,1
7428,7
7429,8
7430,8
7431,2
7432,2
7433,2
7434,4
7435,5
7436,1
7437,1
7438,4
7439,1
7440,1
7441,9
7442,2
7443,1
7444,4
7445,7
7446,1
7447,3
7448,2
7449,4
7450,1
7451,1
7452,6
7453,2
7454,1
7455,7
7456,11
7457,4
7458,4
7459,4
7460,2
7461,5
7463,1
7464,3
7465,1
7466,12
7467,1
7468,4
7469,4
7470,4
7471,7
7472,4
7473,4
7474,2
7476,6
7477,1
7478,4
7480,6
7481,7
7482,5
7483,4
7484,4
7485,3
7486,2
7487,1
7488,8
7489,7
7490,1
7491,6
7492,6
7493,1
7494,1
7495,1
7498,3
7500,1
7501,1
7502,4
7503,1
7504,4
7505,8
7506,1
7507,5
7508,9
7509,6
7510,4
7511,7
7512,2
7514,1
7515,9
7516,2
7517,4
7518,4
7519,1
7520,3
7521,7
7522,2
7523,4
7524,4
7525,3
7526,1
7527,4
7528,5
7529,6
7530,9
7531,4
7532,7
7533,7
7534,18
7536,2
7537,2
7538,3
7539,1
7540,3
7541,4
7542,1
7543,1
7544,4
7545,19
7546,5
7547,6
7548,1
7549,4
7550,4
7552,1
7553,1
7554,2
7555,1
7556,4
7557,4
7558,3
7559,8
7560,2
7561,4
7562,4
7563,3
7564,2
7565,2
7567,4
7568,1
7569,1
7570,2
7571,2
7572,1
7573,4
7574,2
7575,4
7576,2
7577,2
7578,5
7579,4
7580,4
7582,2
7583,2
7584,1
7585,9
7586,1
7587,1
7589,4
7590,6
7591,1
7592,2
7593,1
7594,7
7595,6
7596,6
7597,2
7598,3
7599,1
7600,4
7601,11
7602,5
7603,2
7604,3
7605,4
7606,2
7607,1
7608,5
7609,9
7610,1
7611,7
7612,6
7613,4
7614,6
7615,3
7616,9
7617,5
7618,1
7619,2
7620,1
7621,2
7622,4
7623,1
7624,1
7625,3
7626,3
7627,4
7628,1
7629,3
7630,8
7631,8
7633,1
7634,4
7635,7
7636,3
7637,4
7638,4
7639,1
7640,4
7641,1
7642,1
7643,1
7644,9
7645,10
7646,1
7647,2
7648,4
7650,5
7651,5
7652,3
7653,7
7654,1
7655,6
7656,6
7657,6
7658,4
7659,4
7660,4
7661,1
7663,4
7664,7
7665,6
7666,6
7667,4
7668,5
7669,1
7670,4
7671,8
7672,4
7673,4
7674,4
7675,5
7676,8
7677,1
7678,4
7679,15
7680,1
7681,1
7682,8
7683,1
7684,9
7685,7
7686,4
7687,1
7688,2
7689,1
7690,7
7691,1
7692,4
7693,4
7694,2
7695,4
7696,4
7697,3
7698,4
7699,7
7700,3
7701,5
7702,2
7703,1
7704,2
7705,1
7706,1
7707,2
7708,2
7709,1
7710,4
7711,8
7712,1
7713,1
7714,1
7715,3
7716,9
7717,8
7718,7
7719,4
7720,4
7721,2
7722,4
7723,1
7724,6
7725,4
7726,1
7728,4
7729,4
7730,2
7731,2
7732,1
7733,8
7734,6
7735,1
7736,7
7737,4
7738,4
7739,3
7740,4
7741,7
7742,1
7743,9
7744,1
7745,4
7746,2
7747,8
7748,1
7749,8
7750,4
7751,4
7752,4
7753,1
7754,5
7755,7
7756,11
7757,7
7758,3
7760,2
7761,7
7762,6
7763,4
7764,4
7765,2
7766,2
7767,1
7768,2
7769,1
7770,2
7771,5
7772,1
7773,3
7774,4
7775,4
7776,5
7777,2
7778,2
7779,1
7780,8
7781,4
7782,4
7783,1
7784,7
7785,1
7786,3
7787,5
7788,1
7789,5
7790,1
7791,1
7792,1
7793,1
7794,3
7795,4
7796,1
7797,6
7798,4
7800,5
7801,5
7802,4
7803,5
7804,2
7805,4
7806,6
7807,6
7808,3
7809,8
7810,9
7811,4
7812,4
7813,4
7814,2
7815,1
7816,2
7817,1
7818,2
7819,8
7820,1
7821,4
7822,4
7823,2
7824,4
7825,2
7826,1
7827,20
7828,2
7829,1
7830,7
7831,1
7832,1
7833,1
7834,4
7835,5
7836,4
7837,4
7838,2
7839,7
7840,1
7841,8
7842,4
7843,6
7844,1
7845,4
7846,5
7847,4
7848,2
7849,1
7850,2
7852,3
7853,15
7854,3
7855,3
7856,12
7857,2
7858,16
7859,4
7860,1
7861,2
7862,4
7863,5
7864,5
7865,7
7867,4
7868,1
7869,2
7870,5
7871,5
7872,1
7873,1
7874,1
7875,4
7876,11
7877,2
7878,2
7879,3
7880,2
7881,1
7882,6
7883,4
7884,1
7885,4
7886,7
7887,4
7888,1
7889,2
7890,4
7891,7
7892,1
7893,1
7894,4
7895,2
7896,1
7897,4
7899,4
7900,8
7901,5
7902,2
7903,2
7904,2
7905,1
7906,1
7907,12
7908,4
7909,3
7910,5
7911,4
7912,7
7913,4
7914,2
7915,6
7916,2
7917,2
7918,1
7919,1
7920,1
7921,1
7922,1
7923,3
7924,2
7925,2
7926,9
7927,1
7928,3
7929,8
7930,2
7931,2
7932,4
7933,2
7934,1
7935,1
7936,4
7937,7
7938,4
7939,2
7940,1
7941,5
7942,2
7943,6
7944,1
7945,7
7946,4
7947,2
7948,4
7949,3
7950,7
7952,2
7953,2
7954,8
7955,1
7956,2
7957,11
7958,2
7959,7
7960,3
7961,1
7962,7
7963,1
7964,5
7965,1
7966,2
7967,5
7968,3
7969,2
7970,9
7971,4
7972,7
7973,1
7974,4
7975,3
7976,4
7977,4
7978,1
7979,3
7980,5
7981,4
7982,2
7983,2
7984,4
7985,4
7986,3
7987,4
7988,4
7989,4
7990,2
7991,4
7992,1
7993,1
7994,3
7995,7
7996,7
7997,1
7998,2
7999,5
8000,2
8001,2
8002,10
8003,6
8004,4
8005,2
8006,1
8008,4
8009,1
8010,6
8011,2
8012,1
8013,9
8014,1
8015,5
8016,1
8017,1
8018,1
8019,7
8021,10
8022,4
8023,1
8024,2
8026,7
8027,1
8028,4
8029,2
8030,5
8031,7
8032,7
8033,1
8034,4
8035,2
8036,6
8037,1
8038,2
8039,6
8040,4
8041,5
8043,4
8044,2
8047,5
8048,5
8049,2
8050,8
8051,7
8052,8
8053,10
8054,2
8055,1
8056,1
8057,2
8058,5
8059,10
8060,4
8062,1
8063,4
8064,7
8065,2
8066,5
8067,1
8068,1
8069,7
8070,2
8071,4
8073,5
8074,2
8075,1
8076,4
8077,2
8078,4
8079,2
8080,4
8081,1
8082,4
8083,1
8084,1
8085,4
8086,5
8087,1
8088,4
8089,2
8090,2
8091,1
8092,4
8093,14
8094,8
8095,4
8096,3
8097,11
8098,1
8100,4
8151,12
8152,7
8153,1
8154,2
8155,2
8156,9
8157,5
8158,1
8159,5
8160,4
8161,8
8162,4
8163,13
8164,2
8165,8
8166,8
8167,1
8169,2
8170,4
8172,2
8173,6
8174,6
8175,4
8176,3
8177,4
8178,2
8179,1
8180,5
8182,1
8183,4
8184,1
8185,7
8186,2
8187,1
8188,2
8189,8
8190,4
8191,3
8192,5
8193,4
8194,4
8195,3
8196,2
8197,5
8198,4
8199,1
8200,4
8201,1
8202,1
8203,5
8204,1
8205,1
8206,10
8207,4
8208,2
8209,5
8210,3
8211,4
8212,4
8213,1
8214,1
8215,1
8216,6
8217,8
8218,12
8219,4
8220,4
8221,4
8222,6
8223,7
8224,6
8225,4
8226,2
8227,4
8228,1
8229,2
8230,7
8231,4
8232,2
8233,4
8234,3
8235,5
8236,19
8237,4
8238,1
8239,1
8240,5
8241,7
8242,1
8243,6
8244,1
8245,4
8246,4
8247,4
8248,1
8249,1
8250,4
8251,5
8252,1
8253,2
8254,6
8255,1
8256,1
8257,1
8258,1
8259,7
8260,1
8261,7
8262,2
8263,4
8264,1
8265,5
8266,7
8267,1
8268,4
8269,4
8270,4
8271,7
8272,7
8273,4
8274,2
8275,4
8276,1
8277,1
8278,1
8279,1
8280,8
8281,1
8282,4
8283,2
8284,6
8285,4
8286,6
8287,3
8288,2
8289,2
8290,6
8291,1
8292,4
8293,1
8294,1
8295,4
8296,2
8297,1
8298,2
8299,8
8300,2
8301,16
8302,1
8303,4
8304,2
8305,2
8306,3
8307,1
8308,7
8310,2
8311,1
8312,2
8313,5
8315,5
8316,6
8317,2
8318,2
8319,4
8320,4
8321,4
8323,9
8324,2
8326,2
8327,7
8328,2
8329,4
8330,1
8331,4
8332,4
8333,8
8334,1
8335,4
8336,2
8337,4
8338,7
8339,2
8340,1
8342,3
8343,8
8344,5
8345,4
8346,7
8347,1
8348,4
8349,1
8350,2
8351,4
8352,4
8353,4
8354,1
8355,1
8356,2
8357,5
8358,1
8359,5
8360,4
8361,9
8362,4
8363,7
8364,7
8365,4
8366,1
8367,3
8368,4
8369,4
8370,1
8372,4
8373,1
8374,4
8375,1
8376,5
8377,4
8378,3
8379,3
8380,7
8382,1
8383,2
8384,2
8385,6
8386,6
8387,2
8388,4
8389,4
8390,2
8391,6
8392,4
8393,1
8394,8
8395,4
8396,7
8397,8
8398,4
8399,4
8400,4
8401,5
8402,1
8403,1
8404,7
8405,2
8406,1
8407,5
8408,7
8409,1
8410,4
8412,1
8413,1
8414,15
8415,4
8416,6
8417,2
8418,6
8419,5
8420,5
8421,2
8422,4
8423,5
8424,1
8425,1
8426,1
8427,1
8428,4
8429,7
8430,4
8431,2
8432,1
8433,1
8434,1
8435,7
8436,2
8437,7
8438,1
8439,7
8440,2
8441,16
8442,4
8443,2
8444,4
8445,4
8446,3
8447,4
8448,4
8449,5
8450,2
8451,4
8452,1
8453,3
8454,4
8455,1
8456,2
8457,4
8458,8
8459,3
8461,4
8462,2
8463,2
8464,2
8465,5
8466,3
8467,3
8468,1
8469,1
8470,5
8471,4
8472,2
8473,6
8474,5
8476,1
8477,6
8478,1
8479,1
8480,1
8481,1
8482,1
8483,6
8484,4
8485,1
8486,1
8487,5
8488,4
8489,11
8491,1
8492,4
8493,1
8494,2
8495,7
8496,9
8497,5
8498,1
8499,2
8500,1
8501,1
8502,3
8503,2
8504,6
8505,4
8506,1
8507,9
8508,1
8509,8
8510,2
8511,1
8512,2
8513,4
8514,4
8515,2
8516,1
8517,3
8518,4
8519,1
8520,3
8521,4
8522,2
8523,1
8524,4
8525,5
8526,7
8527,4
8528,1
8529,1
8530,4
8531,2
8532,1
8533,1
8534,1
8535,4
8537,1
8538,1
8539,4
8540,1
8541,3
8542,1
8543,2
8544,2
8545,2
8546,1
8547,2
8548,2
8549,7
8550,1
8551,4
8552,2
8554,11
8555,4
8556,4
8557,4
8558,5
8559,2
8560,1
8561,10
8563,4
8565,4
8566,2
8567,3
8568,3
8569,6
8570,7
8571,1
8572,15
8573,4
8574,2
8575,6
8576,7
8577,4
8578,5
8579,9
8580,4
8581,4
8582,4
8583,2
8584,2
8585,4
8586,4
8587,7
8588,4
8589,1
8590,1
8591,6
8592,9
8593,2
8594,4
8595,8
8596,4
8597,4
8598,3
8600,1
8601,4
8602,2
8603,4
8604,1
8605,7
8606,10
8607,7
8608,4
8609,4
8610,4
8611,8
8612,1
8613,2
8614,7
8615,2
8616,1
8617,4
8618,8
8619,1
8620,4
8621,2
8622,2
8623,7
8624,4
8625,5
8626,3
8627,1
8628,5
8629,7
8630,2
8631,1
8632,1
8634,4
8635,2
8637,1
8638,5
8639,2
8640,7
8642,1
8643,1
8645,8
8646,4
8647,1
8648,3
8649,2
8650,3
8651,9
8652,7
8653,11
8654,1
8655,4
8656,2
8657,4
8658,1
8659,1
8661,4
8662,2
8663,2
8664,3
8666,2
8667,1
8668,11
8669,5
8670,1
8671,1
8672,1
8674,1
8675,5
8676,8
8677,5
8678,4
8680,1
8681,1
8682,2
8683,2
8684,4
8685,4
8686,2
8687,4
8688,2
8689,5
8690,4
8691,2
8692,4
8693,2
8694,5
8695,3
8696,4
8697,12
8698,5
8699,8
8700,4
8701,4
8702,1
8703,3
8705,2
8706,4
8707,1
8708,1
8710,4
8711,2
8712,12
8713,2
8714,7
8715,8
8716,1
8718,1
8719,4
8720,7
8721,7
8722,4
8723,3
8724,4
8725,4
8726,2
8727,2
8729,2
8730,5
8731,2
8732,6
8733,1
8734,2
8735,4
8736,1
8737,7
8738,12
8739,2
8740,6
8741,3
8742,6
8743,15
8744,1
8745,3
8746,1
8747,4
8748,2
8749,1
8750,4
8801,2
8802,2
8803,12
8804,1
8805,4
8806,3
8807,2
8808,1
8809,1
8810,4
8811,8
8813,4
8814,1
8815,1
8816,2
8817,1
8818,4
8819,2
8820,5
8821,6
8822,5
8823,1
8824,2
8825,6
8826,2
8827,6
8829,2
8830,1
8831,4
8832,4
8833,1
8834,4
8835,5
8836,1
8837,1
8838,5
8839,4
8840,4
8842,4
8843,2
8844,6
8845,2
8847,4
8848,1
8849,5
8850,2
8851,9
8853,4
8854,2
8855,2
8856,4
8857,7
8858,4
8859,4
8860,3
8861,1
8862,1
8863,1
8864,2
8865,1
8866,1
8867,2
8869,1
8870,1
8871,1
8873,4
8874,4
8875,1
8876,2
8877,4
8878,5
8879,5
8880,2
8881,6
8882,4
8883,6
8884,4
8885,4
8886,4
8887,7
8888,7
8889,2
8890,2
8891,7
8892,4
8893,7
8894,5
8895,6
8896,7
8897,5
8898,4
8899,4
8900,1
8902,4
8903,6
8904,4
8905,4
8906,4
8907,4
8908,1
8909,4
8910,1
8911,1
8912,6
8913,2
8914,1
8915,1
8916,1
8918,9
8919,5
8920,1
8921,1
8922,6
8923,4
8924,3
8925,1
8926,4
8927,2
8928,7
8929,2
8932,1
8933,4
8934,1
8935,2
8936,1
8938,2
8939,1
8940,5
8941,4
8942,1
8943,7
8944,4
8945,5
8946,7
8947,4
8948,18
8949,4
8950,4
8951,7
8952,4
8953,2
8954,7
8955,4
8956,11
8957,5
8958,1
8959,3
8960,2
8961,1
8963,2
8965,4
8966,4
8967,2
8968,4
8969,1
8970,5
8971,6
8972,7
8973,15
8974,7
8975,6
8976,3
8977,14
8978,4
8979,5
8980,1
8981,1
8982,1
8983,2
8984,4
8985,5
8986,7
8987,1
8988,7
8989,4
8990,4
8991,4
8992,1
8993,4
8994,7
8996,7
8997,5
8998,9
8999,14
9000,2
9001,7
9002,5
9003,4
9004,1
9005,1
9006,4
9007,1
9008,4
9009,1
9010,2
9011,5
9012,1
9013,2
9014,3
9015,2
9016,3
9017,4
9018,2
9019,9
9020,2
9021,1
9022,4
9023,4
9024,1
9025,4
9026,1
9028,2
9029,2
9030,4
9031,4
9032,1
9033,4
9034,4
9035,7
9036,4
9037,5
9038,4
9039,15
9040,1
9041,2
9042,1
9043,8
9044,1
9045,1
9046,1
9047,4
9048,1
9049,2
9050,4
9051,1
9052,2
9053,4
9054,2
9055,1
9056,4
9057,2
9058,1
9059,1
9060,7
9061,1
9062,1
9063,4
9064,4
9065,8
9066,7
9067,7
9068,4
9069,2
9070,5
9071,7
9072,4
9073,1
9074,1
9075,2
9076,1
9077,1
9078,8
9080,4
9081,10
9082,7
9083,1
9084,2
9085,4
9086,2
9087,4
9088,7
9089,1
9090,3
9091,4
9092,4
9093,1
9094,4
9095,1
9096,4
9097,7
9098,4
9099,1
9100,1
9101,1
9102,4
9103,2
9104,4
9105,4
9106,4
9107,5
9108,1
9109,8
9110,2
9111,2
9112,4
9113,16
9114,2
9115,9
9116,1
9117,9
9118,9
9119,12
9120,1
9121,4
9122,5
9123,3
9124,2
9125,1
9126,2
9127,2
9128,2
9129,2
9130,4
9131,2
9132,2
9133,4
9134,3
9135,4
9136,9
9137,2
9138,4
9139,2
9140,4
9141,3
9142,7
9143,3
9144,3
9145,1
9146,4
9147,4
9148,2
9149,1
9150,1
9151,16
9152,2
9153,1
9154,1
9155,5
9156,1
9157,4
9158,2
9159,7
9160,1
9161,5
9162,4
9163,6
9164,4
9165,4
9166,5
9167,4
9168,1
9170,4
9171,1
9172,1
9173,1
9174,4
9175,5
9176,7
9177,4
9178,7
9179,2
9180,1
9181,7
9182,4
9183,4
9184,4
9185,5
9186,5
9187,8
9188,8
9189,1
9190,8
9191,7
9192,7
9193,2
9194,5
9195,4
9196,1
9197,1
9198,7
9199,5
9200,4
9201,1
9202,2
9203,6
9204,4
9205,2
9206,6
9208,6
9209,2
9210,4
9211,4
9212,14
9213,1
9214,15
9215,2
9216,1
9217,7
9218,1
9219,7
9220,16
9221,4
9222,19
9223,2
9224,2
9225,1
9226,5
9227,4
9228,4
9229,11
9230,7
9231,5
9232,6
9233,4
9234,9
9235,4
9236,6
9237,1
9238,5
9239,7
9240,7
9241,2
9242,2
9243,4
9244,4
9246,1
9247,7
9248,9
9249,4
9250,6
9251,8
9252,4
9253,4
9254,8
9255,4
9256,2
9257,9
9258,4
9259,4
9260,5
9261,3
9262,6
9263,7
9264,4
9265,4
9266,4
9267,2
9268,4
9269,4
9270,2
9271,4
9272,4
9273,4
9274,4
9275,5
9276,2
9277,4
9278,4
9279,1
9280,4
9281,7
9283,1
9287,1
9288,1
9289,1
9290,4
9291,2
9292,4
9293,6
9294,4
9295,16
9296,5
9297,2
9298,2
9299,8
9300,2
9301,2
9302,11
9303,1
9304,3
9305,4
9306,4
9307,1
9308,8
9309,2
9310,4
9311,5
9312,16
9313,4
9314,8
9315,2
9316,2
9317,4
9318,10
9319,5
9320,7
9321,6
9322,3
9324,2
9325,2
9326,4
9327,5
9328,4
9329,2
9330,3
9331,1
9332,1
9333,4
9334,3
9335,9
9337,2
9338,4
9339,1
9340,5
9341,1
9342,7
9343,8
9344,2
9345,6
9346,4
9347,3
9348,4
9349,4
9350,1
9351,6
9352,4
9353,4
9354,1
9355,7
9356,4
9357,2
9358,1
9360,2
9362,8
9363,4
9364,1
9365,3
9366,2
9367,1
9368,4
9369,4
9370,1
9371,4
9372,8
9373,1
9374,2
9375,4
9376,2
9377,4
9378,1
9379,4
9380,1
9381,1
9382,1
9383,2
9384,2
9385,3
9386,9
9387,2
9388,7
9389,4
9390,1
9393,1
9394,3
9395,7
9396,1
9397,4
9398,4
9399,5
9400,1
9401,1
9402,1
9403,9
9404,2
9405,2
9406,9
9407,7
9408,2
9409,1
9410,2
9411,3
9412,9
9413,4
9414,1
9415,3
9416,9
9417,12
9418,1
9419,4
9420,8
9421,1
9422,2
9424,4
9426,1
9427,2
9428,4
9429,4
9430,1
9431,4
9432,4
9434,4
9435,4
9436,6
9437,2
9438,1
9439,6
9440,1
9441,7
9442,5
9443,3
9444,4
9445,7
9446,1
9447,4
9448,4
9449,2
9450,8
9451,7
9452,1
9453,1
9454,1
9455,4
9456,2
9457,4
9458,4
9460,2
9461,2
9462,1
9463,5
9464,1
9465,1
9466,4
9467,2
9468,7
9469,1
9470,6
9471,4
9472,2
9473,2
9474,11
9475,2
9476,7
9477,4
9478,4
9479,5
9480,1
9483,4
9484,4
9485,2
9486,4
9487,1
9488,1
9489,2
9490,3
9491,4
9492,1
9493,4
9494,1
9495,1
9496,2
9498,1
9499,5
9500,4
9501,1
9502,1
9503,7
9504,1
9505,7
9506,7
9507,2
9508,2
9510,4
9511,1
9512,16
9514,4
9515,7
9517,7
9518,7
9519,2
9520,4
9521,4
9522,6
9523,1
9524,5
9525,3
9526,1
9528,19
9529,1
9530,1
9531,2
9532,3
9533,2
9534,1
9535,2
9537,1
9538,2
9539,1
9540,1
9541,2
9542,4
9543,2
9544,4
9545,2
9546,1
9547,1
9548,2
9549,4
9550,4
9551,1
9552,1
9553,2
9556,7
9557,4
9558,4
9559,1
9560,3
9561,6
9562,8
9563,4
9564,1
9565,1
9566,4
9567,9
9568,1
9569,4
9571,4
9572,4
9573,4
9574,4
9575,2
9576,2
9577,1
9578,7
9579,2
9580,4
9581,2
9582,6
9583,2
9584,4
9585,1
9586,4
9587,4
9588,2
9589,1
9590,2
9591,1
9592,4
9593,1
9594,2
9595,1
9596,7
9597,1
9598,4
9599,2
9600,6
9601,2
9602,9
9603,3
9604,2
9605,6
9606,7
9607,1
9608,8
9609,2
9610,1
9611,7
9612,1
9613,1
9614,4
9615,1
9617,1
9618,5
9619,3
9620,2
9621,4
9622,2
9623,1
9624,9
9625,2
9626,1
9627,4
9628,2
9629,4
9630,2
9631,1
9632,5
9633,5
9635,3
9636,6
9637,1
9638,5
9639,7
9640,7
9641,5
9642,5
9643,1
9644,3
9645,4
9646,2
9648,1
9649,8
9650,2
9651,1
9652,1
9653,8
9654,5
9655,4
9656,4
9657,2
9658,6
9659,7
9660,2
9661,2
9662,2
9663,1
9664,4
9666,4
9667,10
9668,8
9669,2
9670,6
9671,4
9672,4
9673,4
9674,3
9675,1
9676,2
9677,3
9678,2
9679,1
9680,1
9681,2
9682,4
9683,4
9684,2
9685,4
9686,1
9687,2
9688,1
9689,4
9690,2
9691,1
9692,7
9693,4
9694,1
9695,1
9696,4
9697,9
9698,4
9699,4
9700,4
9751,4
9752,2
9753,2
9754,1
9755,1
9756,1
9757,6
9758,2
9759,2
9760,4
9761,2
9762,6
9763,4
9764,10
9765,1
9766,1
9767,7
9768,8
9769,4
9770,1
9771,1
9772,1
9773,9
9774,2
9775,6
9776,8
9777,1
9778,9
9779,2
9780,1
9781,7
9782,1
9783,4
9784,2
9785,2
9786,11
9787,1
9788,7
9789,7
9790,6
9791,2
9792,1
9793,2
9794,5
9795,1
9797,4
9798,16
9799,4
9800,7
9801,4
9802,1
9803,4
9804,1
9805,4
9806,9
9807,5
9808,8
9809,5
9810,7
9811,4
9812,1
9813,5
9814,1
9815,2
9816,2
9817,4
9818,4
9819,2
9820,9
9821,1
9822,7
9823,8
9824,5
9825,4
9826,4
9827,9
9828,1
9829,5
9830,3
9831,5
9832,1
9833,8
9834,1
9835,1
9836,4
9837,7
9838,1
9839,1
9840,1
9841,4
9842,4
9843,2
9844,6
9845,2
9846,4
9847,1
9848,2
9851,1
9852,5
9853,3
9854,6
9855,2
9856,1
9857,1
9858,1
9859,1
9860,3
9861,5
9862,1
9863,5
9864,1
9865,2
9866,4
9867,1
9868,4
9869,8
9871,4
9872,3
9873,1
9874,1
9875,4
9876,1
9877,4
9878,5
9879,3
9880,4
9881,4
9882,1
9883,3
9884,2
9885,2
9886,1
9887,2
9888,5
9889,2
9890,4
9891,7
9892,4
9893,2
9896,1
9897,2
9898,2
9899,1
9900,2
9901,2
9902,6
9903,9
9904,4
9905,10
9906,5
9907,4
9908,1
9909,2
9910,8
9911,1
9912,7
9913,6
9914,4
9915,4
9916,4
9917,2
9918,1
9919,2
9921,4
9922,2
9923,1
9924,1
9925,4
9926,1
9927,8
9928,5
9929,1
9930,1
9931,1
9933,4
9934,9
9935,5
9936,4
9937,6
9938,5
9939,4
9940,9
9941,2
9942,1
9943,1
9944,2
9945,4
9946,4
9947,3
9948,4
9950,4
9951,1
9952,10
9953,7
9954,9
9955,8
9956,3
9957,8
9958,3
9959,4
9960,4
9961,1
9962,1
9963,4
9964,4
9965,4
9966,2
9968,2
9969,4
9970,1
9971,4
9972,4
9973,6
9974,4
9975,4
9976,4
9977,1
9978,2
9979,1
9980,1
9981,1
9982,8
9983,6
9984,12
9985,4
9986,2
9987,1
9988,5
9989,2
9990,1
9991,4
9992,2
9993,4
9994,7
9995,6
9996,4
9997,8
9998,12
9999,3
10000,4
