movie_id,actor_id
1,1
2,2
3,3
4,4
5,5
6,6
7,7
8,8
9,9
10,10
11,11
12,12
13,13
14,14
15,15
16,16
17,17
18,18
19,19
20,20
21,21
22,22
23,23
24,24
25,25
26,26
27,27
28,28
29,29
30,30
31,31
32,32
33,33
34,34
35,35
36,36
37,37
38,9
39,38
40,39
41,10
42,40
43,41
44,42
45,43
46,44
47,45
48,46
49,47
50,48
51,8
52,49
53,50
54,51
55,52
56,53
57,54
58,55
59,56
60,44
61,57
62,32
63,58
64,59
65,60
66,61
67,62
68,63
69,64
70,65
71,45
72,66
73,67
74,52
75,68
76,69
77,70
78,71
79,72
80,73
81,74
82,75
83,76
84,77
85,78
86,79
87,80
88,52
89,81
90,82
91,83
92,10
93,84
94,71
95,85
96,86
97,52
98,87
99,88
100,89
101,90
102,91
103,92
104,93
105,94
106,85
107,76
108,90
109,95
110,96
111,97
112,98
113,99
114,100
115,101
116,102
117,103
118,104
119,105
120,106
121,107
122,108
123,109
124,110
125,111
126,52
127,112
128,82
129,113
130,27
131,114
132,115
133,116
134,117
135,118
136,119
137,98
138,120
139,121
140,122
141,123
142,124
143,125
144,126
145,127
146,27
147,106
148,128
149,129
150,130
151,131
152,78
153,132
154,133
155,78
156,134
157,135
158,119
159,136
160,137
161,138
162,139
163,27
164,109
165,66
166,34
167,66
168,140
169,58
170,141
171,142
172,143
173,144
174,145
175,146
176,147
177,148
178,76
179,149
180,150
181,151
182,152
183,153
184,154
185,155
186,131
187,144
188,156
189,157
190,63
191,158
192,159
193,160
194,161
195,162
196,8
197,43
198,93
199,146
200,163
201,164
202,165
203,166
204,167
205,168
206,124
207,169
208,170
209,121
210,171
211,172
212,173
213,174
214,175
215,142
216,176
217,177
218,106
219,178
220,179
221,180
222,181
223,182
224,90
225,52
226,183
227,184
228,185
229,186
230,187
231,155
232,188
233,189
234,190
235,78
236,191
237,101
238,124
239,192
240,193
241,4
242,194
243,157
244,131
245,195
246,196
247,43
248,197
249,198
250,135
251,199
252,200
253,201
254,202
255,203
256,85
257,204
258,205
259,206
260,1
261,207
262,208
263,209
264,210
265,211
266,212
267,27
268,213
269,136
270,148
271,142
272,214
273,31
274,215
275,26
276,216
277,217
278,218
279,219
280,36
281,107
282,87
283,220
284,87
285,221
286,205
287,222
288,223
289,224
290,10
291,225
292,226
293,227
294,80
295,228
296,61
297,229
298,148
299,230
300,231
301,232
302,233
303,234
304,235
305,236
306,71
307,155
308,237
309,238
310,239
311,37
312,4
313,240
314,241
315,242
316,243
317,32
318,244
319,16
320,217
321,245
322,148
323,216
324,246
325,87
326,247
327,248
328,249
329,250
330,175
331,251
332,200
333,119
334,252
335,72
336,1
337,37
338,253
339,254
340,255
341,256
342,257
343,150
344,38
345,258
346,259
347,260
348,261
349,262
350,263
351,52
352,264
353,265
354,266
355,267
356,268
357,193
358,269
359,270
360,271
361,272
362,273
363,274
364,115
365,275
366,276
367,277
368,278
369,279
370,52
371,280
372,281
373,78
374,282
375,283
376,284
377,1
378,285
379,286
380,287
381,288
382,289
383,36
384,51
385,101
386,115
387,33
388,290
389,178
390,291
391,292
392,293
393,175
394,294
395,295
396,52
397,296
398,297
399,298
400,299
401,242
402,300
403,71
404,71
405,301
406,82
407,302
408,114
409,303
410,304
411,305
412,10
413,306
414,123
415,307
416,308
417,309
418,310
419,311
420,177
421,90
422,252
423,312
424,313
425,37
426,314
427,315
428,43
429,178
430,310
431,316
432,317
433,144
434,87
435,36
436,87
437,318
438,319
439,101
440,206
441,4
442,320
443,321
444,322
445,323
446,1
447,289
448,238
449,254
450,324
451,325
452,326
453,177
454,89
455,87
456,327
457,328
458,329
459,224
460,330
461,331
462,148
463,332
464,333
465,334
466,307
467,335
468,336
469,320
470,242
471,90
472,337
473,338
474,339
475,167
476,298
477,37
478,340
479,341
480,82
481,196
482,342
483,343
484,344
485,345
486,196
487,346
488,347
489,348
490,349
491,11
492,350
493,351
494,352
495,36
496,172
497,353
498,354
499,355
500,356
501,176
502,89
503,357
504,358
505,225
506,211
507,359
508,106
509,360
510,93
511,224
512,361
513,32
514,362
515,157
516,363
517,364
518,283
519,365
520,123
521,366
522,367
523,11
524,6
525,368
526,15
527,369
528,148
529,370
530,371
531,144
532,372
533,373
534,39
535,374
536,375
537,376
538,377
539,240
540,378
541,379
542,380
543,7
544,381
545,382
546,118
547,291
548,383
549,89
550,384
551,52
552,283
553,52
554,102
555,385
556,386
557,387
558,388
559,15
560,389
561,390
562,289
563,346
564,391
565,106
566,52
567,392
568,393
569,394
570,16
571,395
572,396
573,397
574,398
575,399
576,400
577,6
578,214
579,242
580,401
581,164
582,402
583,357
584,403
585,178
586,404
587,320
588,405
589,101
590,406
591,407
592,408
593,409
594,410
595,411
596,412
597,413
598,414
599,415
600,285
601,392
602,416
603,178
604,112
605,417
606,192
607,22
608,115
609,98
610,259
611,26
612,418
613,172
614,419
615,118
616,249
617,106
618,224
619,216
620,420
621,146
622,421
623,422
624,423
625,424
626,425
627,426
628,427
629,428
630,78
631,429
632,430
633,252
634,431
635,432
636,7
637,433
638,434
639,107
640,435
641,172
642,328
643,210
644,322
645,436
646,437
647,306
648,438
649,439
650,89
651,186
652,4
653,440
654,27
655,276
656,441
657,6
658,78
659,442
660,98
661,142
662,443
663,444
664,445
665,446
666,104
667,157
668,447
669,448
670,449
671,36
672,450
673,451
674,177
675,28
676,452
677,43
678,453
679,454
680,455
681,196
682,456
683,376
684,457
685,458
686,459
687,460
688,461
689,462
690,463
691,371
692,464
693,465
694,73
695,21
696,466
697,28
698,467
699,356
700,78
701,191
702,216
703,468
704,101
705,469
706,470
707,71
708,471
709,472
710,437
711,9
712,473
713,474
714,475
715,476
716,477
717,478
718,242
719,479
720,43
721,267
722,106
723,480
724,481
725,432
726,482
727,483
728,43
729,464
730,484
731,269
732,126
733,24
734,252
735,485
736,212
737,27
738,486
739,384
740,487
741,215
742,488
743,142
744,141
745,238
746,489
747,328
748,490
749,78
750,491
751,71
752,492
753,305
754,429
755,493
756,494
757,495
758,496
759,497
760,498
761,329
762,499
763,500
764,210
765,468
766,501
767,502
768,503
769,178
770,504
771,505
772,115
773,506
774,507
775,508
776,509
777,27
778,388
779,510
780,322
781,511
782,201
783,27
784,512
785,513
786,415
787,382
788,514
789,515
790,78
791,516
792,178
793,517
794,195
795,518
796,519
797,520
798,521
799,522
800,523
801,164
802,254
803,242
804,524
805,196
806,525
807,27
808,526
809,527
810,528
811,148
812,529
813,89
814,530
815,531
816,532
817,533
818,534
819,437
820,129
821,202
822,535
823,536
824,371
825,423
826,537
827,538
828,142
829,539
830,416
831,540
832,207
833,541
834,468
835,107
836,542
837,415
838,146
839,543
840,544
841,545
842,546
843,547
844,548
845,106
846,401
847,549
848,375
849,444
850,78
851,4
852,118
853,550
854,27
855,274
856,551
857,9
858,104
859,552
860,553
861,89
862,195
863,415
864,554
865,202
866,555
867,484
868,556
869,32
870,557
871,558
872,384
873,378
874,156
875,215
876,559
877,560
878,174
879,426
880,561
881,562
882,563
883,175
884,564
885,565
886,448
887,548
888,566
889,567
890,71
891,451
892,568
893,569
894,570
895,200
896,571
897,78
898,238
899,156
900,572
901,573
902,101
903,574
904,575
905,146
906,576
907,577
908,78
909,578
910,579
911,580
912,581
913,94
914,582
915,583
916,584
917,585
918,31
919,586
920,207
921,52
922,587
923,371
924,588
925,589
926,101
927,177
928,590
929,37
930,290
931,591
932,592
933,593
934,594
935,595
936,312
937,596
938,15
939,597
940,178
941,598
942,42
943,599
944,600
945,601
946,602
947,105
948,352
949,603
950,232
951,604
952,196
953,605
954,606
955,607
956,144
957,608
958,609
959,89
960,610
961,611
962,612
963,613
964,614
965,27
966,615
967,616
968,617
969,618
970,619
971,620
972,621
973,622
974,623
975,624
976,321
977,33
978,625
979,353
980,42
981,626
982,25
983,269
984,627
985,172
986,628
987,629
988,242
989,253
990,516
991,630
992,631
993,426
994,32
995,632
996,101
997,196
998,142
999,274
1000,633
1001,71
1002,634
1003,333
1004,635
1005,636
1006,178
1007,320
1008,637
1009,634
1010,638
1011,32
1012,262
1013,639
1014,375
1015,517
1016,177
1017,640
1018,32
1019,78
1020,641
1021,642
1022,643
1023,106
1024,167
1025,320
1026,350
1027,644
1028,645
1029,646
1030,647
1031,648
1032,649
1033,650
1034,564
1035,651
1036,652
1037,90
1038,653
1039,654
1040,376
1041,655
1042,71
1043,37
1044,656
1045,161
1046,657
1047,658
1048,659
1049,660
1050,82
1051,32
1052,13
1053,279
1054,661
1055,615
1056,662
1057,663
1058,664
1059,273
1060,665
1061,666
1062,54
1063,667
1064,307
1065,15
1066,668
1067,669
1068,670
1069,671
1070,672
1071,37
1072,669
1073,152
1074,516
1075,673
1076,674
1077,675
1078,546
1079,676
1080,115
1081,43
1082,677
1083,397
1084,576
1085,678
1086,559
1087,679
1088,13
1089,680
1090,393
1091,681
1092,682
1093,683
1094,684
1095,685
1096,686
1097,671
1098,226
1099,308
1100,361
1101,687
1102,688
1103,149
1104,689
1105,690
1106,691
1107,692
1108,298
1109,693
1110,312
1111,694
1112,680
1113,695
1114,696
1115,78
1116,697
1117,698
1118,696
1119,25
1120,9
1121,101
1122,699
1123,700
1124,142
1125,701
1126,379
1127,702
1128,703
1129,142
1130,704
1131,124
1132,1
1133,196
1134,437
1135,177
1136,210
1137,705
1138,201
1139,186
1140,706
1141,707
1142,215
1143,708
1144,709
1145,87
1146,710
1147,194
1148,711
1149,178
1150,512
1151,712
1152,713
1153,714
1154,715
1155,437
1156,716
1157,140
1158,717
1159,718
1160,719
1161,215
1162,483
1163,720
1164,375
1165,172
1166,721
1167,442
1168,722
1169,319
1170,339
1171,121
1172,371
1173,718
1174,723
1175,106
1176,724
1177,172
1178,704
1179,725
1180,726
1181,352
1182,93
1183,727
1184,728
1185,244
1186,729
1187,225
1188,321
1189,730
1190,283
1191,371
1192,206
1193,37
1194,731
1195,68
1196,680
1197,708
1198,526
1199,166
1200,61
1201,732
1202,37
1203,733
1204,106
1205,538
1206,242
1207,734
1208,310
1209,115
1210,735
1211,27
1212,512
1213,379
1214,736
1215,469
1216,737
1217,738
1218,78
1219,576
1220,739
1221,740
1222,321
1223,101
1224,174
1225,741
1226,716
1227,181
1228,680
1229,742
1230,743
1231,744
1232,745
1233,746
1234,71
1235,747
1236,748
1237,749
1238,750
1239,751
1240,752
1241,595
1242,554
1243,753
1244,177
1245,754
1246,647
1247,87
1248,755
1249,587
1250,756
1251,328
1252,119
1253,757
1254,758
1255,37
1256,759
1257,760
1258,1
1259,273
1260,52
1261,761
1262,633
1263,371
1264,762
1265,361
1266,763
1267,764
1268,765
1269,426
1270,85
1271,766
1272,767
1273,357
1274,768
1275,734
1276,769
1277,770
1278,669
1279,771
1280,515
1281,772
1282,107
1283,98
1284,98
1285,582
1286,718
1287,773
1288,98
1289,15
1290,90
1291,36
1292,175
1293,440
1294,774
1295,376
1296,775
1297,739
1298,151
1299,776
1300,777
1301,778
1302,215
1303,115
1304,163
1305,779
1306,181
1307,780
1308,549
1309,202
1310,287
1311,131
1312,781
1313,48
1314,36
1315,101
1316,326
1317,782
1318,783
1319,784
1320,451
1321,290
1322,785
1323,339
1324,772
1325,320
1326,786
1327,787
1328,788
1329,789
1330,393
1331,790
1332,791
1333,78
1334,792
1335,276
1336,793
1337,794
1338,795
1339,796
1340,797
1341,798
1342,799
1343,800
1344,121
1345,801
1346,273
1347,802
1348,309
1349,242
1350,63
1351,312
1352,63
1353,52
1354,803
1355,804
1356,51
1357,547
1358,98
1359,805
1360,806
1361,807
1362,115
1363,808
1364,78
1365,809
1366,119
1367,810
1368,811
1369,87
1370,812
1371,813
1372,814
1373,306
1374,167
1375,815
1376,242
1377,634
1378,816
1379,817
1380,818
1381,15
1382,9
1383,320
1384,182
1385,98
1386,654
1387,32
1388,160
1389,819
1390,820
1391,252
1392,751
1393,821
1394,426
1395,375
1396,42
1397,822
1398,512
1399,823
1400,824
1401,825
1402,826
1403,827
1404,671
1405,320
1406,828
1407,525
1408,362
1409,829
1410,42
1411,830
1412,164
1413,831
1414,106
1415,832
1416,833
1417,93
1418,194
1419,331
1420,375
1421,834
1422,835
1423,836
1424,837
1425,42
1426,838
1427,839
1428,212
1429,840
1430,841
1431,842
1432,32
1433,78
1434,269
1435,21
1436,548
1437,174
1438,201
1439,306
1440,538
1441,843
1442,121
1443,310
1444,844
1445,87
1446,845
1447,846
1448,847
1449,37
1450,760
1451,289
1452,848
1453,119
1454,849
1455,706
1456,114
1457,850
1458,423
1459,172
1460,851
1461,852
1462,853
1463,854
1464,855
1465,856
1466,857
1467,858
1468,184
1469,477
1470,761
1471,859
1472,860
1473,861
1474,862
1475,370
1476,539
1477,863
1478,864
1479,833
1480,638
1481,865
1482,352
1483,215
1484,866
1485,867
1486,174
1487,868
1488,8
1489,172
1490,869
1491,45
1492,32
1493,870
1494,871
1495,872
1496,546
1497,78
1498,873
1499,874
1500,875
1501,361
1502,786
1503,876
1504,526
1505,877
1506,878
1507,879
1508,290
1509,464
1510,880
1511,352
1512,216
1513,63
1514,881
1515,882
1516,242
1517,883
1518,884
1519,885
1520,886
1521,28
1522,464
1523,262
1524,704
1525,177
1526,244
1527,887
1528,888
1529,767
1530,7
1531,346
1532,115
1533,889
1534,370
1535,185
1536,890
1537,178
1538,124
1539,41
1540,379
1541,106
1542,891
1543,320
1544,26
1545,269
1546,101
1547,892
1548,333
1549,893
1550,894
1551,895
1552,896
1553,897
1554,146
1555,898
1556,254
1557,734
1558,716
1559,37
1560,899
1561,900
1562,273
1563,901
1564,902
1565,903
1566,904
1567,36
1568,343
1569,606
1570,194
1571,905
1572,437
1573,26
1574,906
1575,907
1576,908
1577,909
1578,910
1579,124
1580,32
1581,72
1582,911
1583,912
1584,105
1585,638
1586,661
1587,242
1588,622
1589,361
1590,208
1591,512
1592,913
1593,105
1594,697
1595,226
1596,914
1597,915
1598,916
1599,115
1600,917
1601,918
1602,919
1603,26
1604,920
1605,921
1606,32
1607,922
1608,898
1609,923
1610,924
1611,71
1612,925
1613,26
1614,527
1615,124
1616,926
1617,523
1618,927
1619,172
1620,49
1621,84
1622,928
1623,929
1624,930
1625,931
1626,932
1627,933
1628,934
1629,102
1630,240
1631,858
1632,90
1633,538
1634,935
1635,215
1636,321
1637,936
1638,937
1639,938
1640,52
1641,939
1642,940
1643,941
1644,106
1645,613
1646,942
1647,943
1648,318
1649,383
1650,944
1651,87
1652,945
1653,946
1654,947
1655,210
1656,948
1657,305
1658,949
1659,950
1660,558
1661,415
1662,951
1663,952
1664,44
1665,953
1666,78
1667,954
1668,119
1669,955
1670,956
1671,719
1672,172
1673,269
1674,26
1675,957
1676,612
1677,958
1678,959
1679,101
1680,242
1681,336
1682,960
1683,101
1684,858
1685,961
1686,36
1687,102
1688,962
1689,704
1690,963
1691,964
1692,965
1693,379
1694,966
1695,7
1696,967
1697,234
1698,307
1699,33
1700,818
1701,968
1702,969
1703,970
1704,318
1705,971
1706,78
1707,333
1708,972
1709,973
1710,49
1711,82
1712,87
1713,974
1714,178
1715,731
1716,718
1717,975
1718,157
1719,760
1720,976
1721,977
1722,692
1723,221
1724,276
1725,569
1726,978
1727,979
1728,832
1729,733
1730,980
1731,981
1732,677
1733,922
1734,982
1735,60
1736,219
1737,983
1738,13
1739,298
1740,877
1741,259
1742,594
1743,269
1744,29
1745,4
1746,767
1747,352
1748,71
1749,78
1750,917
1751,531
1752,333
1753,984
1754,669
1755,51
1756,985
1757,307
1758,986
1759,987
1760,927
1761,988
1762,564
1763,989
1764,379
1765,990
1766,37
1767,217
1768,991
1769,531
1770,992
1771,142
1772,106
1773,33
1774,82
1775,423
1776,993
1777,994
1778,995
1779,996
1780,832
1781,997
1782,845
1783,998
1784,999
1785,397
1786,219
1787,1000
1788,149
1789,1001
1790,346
1791,1002
1792,1003
1793,578
1794,1004
1795,106
1796,1005
1797,1006
1798,82
1799,1007
1800,1008
1801,310
1802,1009
1803,1010
1804,1011
1805,105
1806,1012
1807,1013
1808,45
1809,1014
1810,1015
1811,269
1812,1016
1813,524
1814,78
1815,1017
1816,106
1817,1018
1818,623
1819,305
1820,1019
1821,1020
1822,1021
1823,78
1824,26
1825,168
1826,616
1827,37
1828,864
1829,343
1830,34
1831,634
1832,1022
1833,1023
1834,1024
1835,1025
1836,876
1837,1026
1838,361
1839,32
1840,1027
1841,1028
1842,215
1843,426
1844,1029
1845,439
1846,289
1847,102
1848,480
1849,362
1850,1030
1851,9
1852,619
1853,811
1854,800
1855,429
1856,94
1857,85
1858,142
1859,806
1860,371
1861,1031
1862,142
1863,827
1864,1032
1865,273
1866,1033
1867,1034
1868,328
1869,1035
1870,444
1871,1027
1872,1036
1873,90
1874,786
1875,1037
1876,1038
1877,989
1878,320
1879,1039
1880,458
1881,1040
1882,13
1883,1041
1884,318
1885,996
1886,39
1887,379
1888,1042
1889,172
1890,558
1891,27
1892,325
1893,106
1894,269
1895,1043
1896,215
1897,864
1898,1044
1899,1045
1900,325
1901,16
1902,1046
1903,603
1904,82
1905,525
1906,146
1907,1047
1908,1048
1909,82
1910,194
1911,217
1912,1049
1913,1050
1914,464
1915,106
1916,1034
1917,1051
1918,468
1919,1052
1920,41
1921,251
1922,1053
1923,469
1924,1054
1925,379
1926,548
1927,1055
1928,1056
1929,1057
1930,767
1931,1058
1932,711
1933,177
1934,1059
1935,1060
1936,101
1937,426
1938,328
1939,827
1940,1061
1941,384
1942,1062
1943,1063
1944,294
1945,704
1946,181
1947,613
1948,1064
1949,62
1950,87
1951,339
1952,1065
1953,415
1954,1066
1955,196
1956,1067
1957,1053
1958,409
1959,194
1960,1068
1961,1069
1962,826
1963,254
1964,1070
1965,633
1966,322
1967,613
1968,785
1969,26
1970,1071
1971,1072
1972,977
1973,1073
1974,1074
1975,437
1976,45
1977,785
1978,1075
1979,1076
1980,375
1981,36
1982,722
1983,90
1984,339
1985,677
1986,1077
1987,76
1988,1078
1989,786
1990,570
1991,1079
1992,102
1993,148
1994,469
1995,212
1996,1080
1997,1076
1998,1081
1999,31
2000,704
2001,895
2002,614
2003,146
2004,425
2005,1082
2006,1083
2007,101
2008,174
2009,945
2010,919
2011,215
2012,1084
2013,309
2014,252
2015,27
2016,175
2017,203
2018,594
2019,1085
2020,564
2021,716
2022,309
2023,26
2024,1086
2025,4
2026,585
2027,273
2028,1087
2029,269
2030,318
2031,242
2032,82
2033,259
2034,606
2035,352
2036,1088
2037,624
2038,1089
2039,1090
2040,1091
2041,1092
2042,1062
2043,397
2044,240
2045,124
2046,1093
2047,1094
2048,52
2049,585
2050,1095
2051,1096
2052,1097
2053,45
2054,177
2055,1018
2056,78
2057,739
2058,520
2059,1098
2060,708
2061,273
2062,85
2063,719
2064,425
2065,1099
2066,1100
2067,889
2068,94
2069,36
2070,739
2071,957
2072,172
2073,346
2074,596
2075,1101
2076,147
2077,591
2078,541
2079,521
2080,1102
2081,108
2082,1103
2083,1104
2084,21
2085,786
2086,1105
2087,576
2088,741
2089,78
2090,1106
2091,339
2092,1107
2093,1
2094,71
2095,118
2096,124
2097,1108
2098,959
2099,1109
2100,211
2101,611
2102,1110
2103,1111
2104,1112
2105,353
2106,340
2107,1113
2108,1114
2109,1115
2110,320
2111,1116
2112,818
2113,525
2114,1117
2115,742
2116,616
2117,1118
2118,1119
2119,174
2120,379
2121,1120
2122,1121
2123,1122
2124,1123
2125,1124
2126,78
2127,1125
2128,404
2129,1126
2130,265
2131,1127
2132,469
2133,1128
2134,1129
2135,469
2136,1130
2137,1131
2138,508
2139,1132
2140,225
2141,931
2142,1133
2143,215
2144,45
2145,1134
2146,597
2147,1135
2148,1136
2149,444
2150,1137
2151,106
2152,119
2153,1138
2154,964
2155,1139
2156,1140
2157,32
2158,174
2159,886
2160,616
2161,1051
2162,1141
2163,37
2164,330
2165,698
2166,287
2167,371
2168,276
2169,320
2170,1142
2171,1143
2172,1144
2173,1145
2174,52
2175,1146
2176,232
2177,688
2178,104
2179,178
2180,1147
2181,1148
2182,718
2183,196
2184,78
2185,1149
2186,1150
2187,731
2188,1151
2189,1152
2190,801
2191,945
2192,1153
2193,30
2194,1154
2195,1155
2196,1156
2197,157
2198,27
2199,194
2200,841
2201,1157
2202,52
2203,426
2204,1158
2205,1159
2206,252
2207,714
2208,276
2209,1160
2210,157
2211,215
2212,1161
2213,1162
2214,401
2215,279
2216,596
2217,26
2218,1163
2219,794
2220,1164
2221,194
2222,546
2223,215
2224,119
2225,1165
2226,594
2227,85
2228,1166
2229,1167
2230,1168
2231,1169
2232,1139
2233,362
2234,157
2235,827
2236,525
2237,1170
2238,468
2239,221
2240,1171
2241,69
2242,1172
2243,1173
2244,1174
2245,1175
2246,1176
2247,1177
2248,222
2249,1178
2250,1179
2251,30
2252,379
2253,1180
2254,1181
2255,1182
2256,401
2257,739
2258,1183
2259,1184
2260,1185
2261,634
2262,115
2263,1186
2264,1187
2265,1188
2266,1189
2267,1190
2268,32
2269,444
2270,1191
2271,1192
2272,105
2273,635
2274,352
2275,169
2276,1193
2277,1194
2278,1195
2279,328
2280,346
2281,101
2282,106
2283,202
2284,1065
2285,102
2286,1196
2287,1197
2288,1198
2289,107
2290,1010
2291,106
2292,290
2293,1199
2294,828
2295,26
2296,1200
2297,1201
2298,1202
2299,697
2300,37
2301,864
2302,259
2303,1203
2304,1204
2305,439
2306,45
2307,1205
2308,1206
2309,1207
2310,393
2311,119
2312,1208
2313,1209
2314,303
2315,215
2316,325
2317,1094
2318,1210
2319,1211
2320,1212
2321,352
2322,37
2323,15
2324,1213
2325,171
2326,1214
2327,448
2328,889
2329,613
2330,285
2331,71
2332,321
2333,1215
2334,110
2335,175
2336,577
2337,1216
2338,1217
2339,669
2340,93
2341,934
2342,1218
2343,525
2344,1219
2345,1220
2346,832
2347,90
2348,353
2349,1221
2350,1222
2351,1223
2352,864
2353,373
2354,27
2355,119
2356,1224
2357,932
2358,269
2359,1225
2360,32
2361,862
2362,1226
2363,1227
2364,469
2365,371
2366,1228
2367,1229
2368,101
2369,1164
2370,1230
2371,104
2372,301
2373,310
2374,1231
2375,1232
2376,90
2377,739
2378,32
2379,1233
2380,538
2381,371
2382,1
2383,123
2384,1234
2385,1235
2386,1236
2387,276
2388,321
2389,219
2390,1237
2391,48
2392,1238
2393,1239
2394,305
2395,175
2396,1240
2397,1241
2398,352
2399,1242
2400,273
2401,219
2402,623
2403,101
2404,469
2405,94
2406,383
2407,739
2408,171
2409,1243
2410,1001
2411,898
2412,26
2413,1244
2414,169
2415,1245
2416,362
2417,429
2418,1246
2419,688
2420,1247
2421,1248
2422,1249
2423,480
2424,685
2425,698
2426,1250
2427,1081
2428,216
2429,1251
2430,1252
2431,1253
2432,1254
2433,685
2434,306
2435,1255
2436,1256
2437,1257
2438,1258
2439,1259
2440,1260
2441,1261
2442,1262
2443,1263
2444,124
2445,1264
2446,1265
2447,469
2448,619
2449,525
2450,1266
2451,403
2452,1267
2453,1268
2454,448
2455,175
2456,1094
2457,1269
2458,1141
2459,1270
2460,269
2461,1271
2462,504
2463,1272
2464,477
2465,1273
2466,26
2467,321
2468,1274
2469,269
2470,666
2471,1275
2472,1276
2473,546
2474,469
2475,1245
2476,168
2477,1277
2478,216
2479,501
2480,794
2481,1278
2482,1279
2483,1280
2484,175
2485,1281
2486,1282
2487,919
2488,886
2489,1283
2490,866
2491,606
2492,491
2493,1284
2494,1023
2495,90
2496,383
2497,377
2498,1285
2499,1286
2500,813
2501,1287
2502,1210
2503,1288
2504,219
2505,175
2506,1289
2507,468
2508,72
2509,1290
2510,107
2511,1291
2512,1292
2513,285
2514,1293
2515,1294
2516,126
2517,1295
2518,1296
2519,585
2520,704
2521,1255
2522,1297
2523,922
2524,1298
2525,109
2526,704
2527,1299
2528,255
2529,1300
2530,1301
2531,437
2532,512
2533,594
2534,1302
2535,101
2536,26
2537,49
2538,1303
2539,258
2540,1304
2541,1305
2542,582
2543,1201
2544,858
2545,207
2546,1306
2547,1307
2548,168
2549,1308
2550,102
2551,1309
2552,996
2553,186
2554,1310
2555,1311
2556,1312
2557,1237
2558,309
2559,7
2560,107
2561,1313
2562,308
2563,37
2564,448
2565,352
2566,558
2567,155
2568,930
2569,767
2570,1253
2571,1314
2572,525
2573,1315
2574,1094
2575,1216
2576,1316
2577,1317
2578,1318
2579,520
2580,26
2581,202
2582,858
2583,106
2584,1319
2585,283
2586,1320
2587,85
2588,1321
2589,4
2590,1322
2591,212
2592,1323
2593,1324
2594,252
2595,1320
2596,177
2597,1325
2598,305
2599,274
2600,1035
2601,1326
2602,1327
2603,596
2604,1328
2605,607
2606,301
2607,736
2608,1329
2609,716
2610,1330
2611,1331
2612,276
2613,1332
2614,1081
2615,862
2616,946
2617,338
2618,1307
2619,1333
2620,896
2621,718
2622,7
2623,1334
2624,517
2625,688
2626,1335
2627,1336
2628,90
2629,1337
2630,1338
2631,273
2632,1259
2633,269
2634,175
2635,996
2636,1339
2637,469
2638,718
2639,1340
2640,357
2641,1338
2642,1341
2643,346
2644,1342
2645,1343
2646,85
2647,1344
2648,1345
2649,1346
2650,269
2651,178
2652,1347
2653,435
2654,1348
2655,1349
2656,538
2657,106
2658,273
2659,26
2660,49
2661,794
2662,1350
2663,1351
2664,718
2665,997
2666,161
2667,1081
2668,1352
2669,1001
2670,1155
2671,588
2672,178
2673,45
2674,27
2675,42
2676,119
2677,1108
2678,1353
2679,440
2680,106
2681,1354
2682,554
2683,1355
2684,201
2685,680
2686,718
2687,13
2688,1356
2689,102
2690,702
2691,177
2692,172
2693,346
2694,322
2695,643
2696,115
2697,1357
2698,1358
2699,78
2700,208
2701,1003
2702,1359
2703,1360
2704,1361
2705,1362
2706,1363
2707,320
2708,1364
2709,922
2710,273
2711,1365
2712,1366
2713,1367
2714,634
2715,148
2716,28
2717,533
2718,1368
2719,106
2720,755
2721,1369
2722,1370
2723,1371
2724,520
2725,1372
2726,1373
2727,1374
2728,1375
2729,371
2730,1376
2731,373
2732,1377
2733,1378
2734,922
2735,142
2736,869
2737,378
2738,101
2739,1379
2740,289
2741,242
2742,1380
2743,1381
2744,1382
2745,1383
2746,73
2747,286
2748,307
2749,1384
2750,1287
2751,1385
2752,1088
2753,864
2754,1386
2755,1387
2756,1274
2757,1388
2758,119
2759,371
2760,1389
2761,1390
2762,90
2763,748
2764,1069
2765,1391
2766,1392
2767,1393
2768,10
2769,1394
2770,763
2771,1395
2772,554
2773,1396
2774,638
2775,150
2776,1397
2777,1398
2778,1399
2779,1378
2780,1400
2781,901
2782,1401
2783,377
2784,1402
2785,1403
2786,1184
2787,276
2788,1404
2789,1405
2790,305
2791,1245
2792,1406
2793,613
2794,321
2795,1407
2796,1408
2797,319
2798,87
2799,1409
2800,1410
2801,1411
2802,352
2803,181
2804,104
2805,7
2806,1412
2807,681
2808,667
2809,1413
2810,1414
2811,148
2812,185
2813,1268
2814,1415
2815,101
2816,491
2817,708
2818,106
2819,1416
2820,1140
2821,1417
2822,1418
2823,27
2824,708
2825,1419
2826,1420
2827,1421
2828,280
2829,1422
2830,848
2831,396
2832,1423
2833,1424
2834,1064
2835,346
2836,1425
2837,742
2838,1426
2839,580
2840,1427
2841,104
2842,1195
2843,715
2844,647
2845,1275
2846,1428
2847,1429
2848,36
2849,1430
2850,26
2851,786
2852,178
2853,378
2854,115
2855,1431
2856,87
2857,1432
2858,1433
2859,123
2860,150
2861,71
2862,71
2863,1434
2864,90
2865,585
2866,767
2867,473
2868,850
2869,106
2870,115
2871,551
2872,1435
2873,996
2874,1436
2875,596
2876,357
2877,331
2878,1437
2879,1438
2880,469
2881,696
2882,737
2883,869
2884,1439
2885,1440
2886,1441
2887,1442
2888,1443
2889,1099
2890,669
2891,1444
2892,94
2893,864
2894,1445
2895,45
2896,15
2897,321
2898,1446
2899,1447
2900,383
2901,1137
2902,1448
2903,845
2904,357
2905,328
2906,1308
2907,594
2908,1449
2909,1450
2910,1451
2911,30
2912,1452
2913,308
2914,1453
2915,1454
2916,1455
2917,1456
2918,749
2919,1457
2920,93
2921,859
2922,1458
2923,525
2924,383
2925,1459
2926,1460
2927,1021
2928,76
2929,1461
2930,1462
2931,1463
2932,1464
2933,498
2934,1465
2935,1466
2936,1220
2937,429
2938,914
2939,193
2940,115
2941,212
2942,1467
2943,1468
2944,424
2945,816
2946,874
2947,1188
2948,1333
2949,167
2950,680
2951,1469
2952,34
2953,157
2954,1470
2955,1471
2956,877
2957,1472
2958,1473
2959,1474
2960,1475
2961,1476
2962,442
2963,1477
2964,225
2965,270
2966,1478
2967,1479
2968,1480
2969,52
2970,206
2971,178
2972,428
2973,680
2974,1326
2975,215
2976,673
2977,320
2978,1481
2979,1482
2980,178
2981,1483
2982,1484
2983,1485
2984,576
2985,1486
2986,1487
2987,375
2988,1488
2989,1125
2990,661
2991,1489
2992,94
2993,124
2994,157
2995,1417
2996,1456
2997,119
2998,1490
2999,702
3000,1491
3001,766
3002,1492
3003,1493
3004,1494
3005,1495
3006,526
3007,1081
3008,371
3009,1496
3010,24
3011,974
3012,1497
3013,1498
3014,997
3015,1499
3016,106
3017,1036
3018,1500
3019,320
3020,102
3021,1501
3022,1502
3023,252
3024,564
3025,1503
3026,731
3027,1504
3028,927
3029,1505
3030,1506
3031,104
3032,1507
3033,1508
3034,27
3035,1509
3036,173
3037,1510
3038,352
3039,346
3040,646
3041,1511
3042,1463
3043,1512
3044,704
3045,1513
3046,1514
3047,376
3048,1415
3049,84
3050,1515
3051,1516
3052,666
3053,89
3054,426
3055,1517
3056,142
3057,1518
3058,252
3059,1362
3060,873
3061,1519
3062,76
3063,1520
3064,82
3065,1521
3066,181
3067,174
3068,864
3069,525
3070,580
3071,27
3072,469
3073,548
3074,4
3075,1522
3076,78
3077,169
3078,379
3079,1523
3080,1524
3081,1525
3082,480
3083,1526
3084,437
3085,681
3086,32
3087,1527
3088,1528
3089,1529
3090,576
3091,1530
3092,1531
3093,1532
3094,1533
3095,1534
3096,541
3097,1535
3098,633
3099,511
3100,1536
3101,1537
3102,1538
3103,1539
3104,184
3105,1540
3106,850
3107,346
3108,1541
3109,1542
3110,219
3111,606
3112,704
3113,186
3114,696
3115,1543
3116,166
3117,1544
3118,32
3119,1222
3120,1545
3121,922
3122,289
3123,1189
3124,42
3125,1546
3126,1547
3127,1235
3128,215
3129,669
3130,1548
3131,1549
3132,1550
3133,1551
3134,1552
3135,322
3136,184
3137,685
3138,283
3139,1553
3140,439
3141,1554
3142,89
3143,799
3144,341
3145,1444
3146,1555
3147,426
3148,90
3149,557
3150,510
3151,1556
3152,853
3153,930
3154,1557
3155,704
3156,731
3157,1558
3158,1559
3159,1326
3160,374
3161,113
3162,163
3163,1560
3164,731
3165,1561
3166,1562
3167,751
3168,114
3169,1563
3170,1564
3171,1565
3172,711
3173,704
3174,1566
3175,845
3176,93
3177,71
3178,85
3179,595
3180,466
3181,373
3182,283
3183,1567
3184,1568
3185,26
3186,512
3187,1372
3188,469
3189,273
3190,1415
3191,1569
3192,669
3193,1010
3194,1570
3195,602
3196,1059
3197,1571
3198,1572
3199,13
3200,1573
3201,121
3202,375
3203,695
3204,1574
3205,1575
3206,794
3207,596
3208,117
3209,1
3210,437
3211,1576
3212,1577
3213,1453
3214,1578
3215,1579
3216,716
3217,1253
3218,1580
3219,1581
3220,1582
3221,1412
3222,952
3223,273
3224,32
3225,699
3226,249
3227,1094
3228,1583
3229,178
3230,1584
3231,1585
3232,217
3233,739
3234,379
3235,1586
3236,538
3237,1587
3238,215
3239,1588
3240,375
3241,1589
3242,762
3243,307
3244,262
3245,225
3246,1301
3247,1590
3248,1365
3249,90
3250,858
3251,102
3252,15
3253,304
3254,1591
3255,94
3256,1592
3257,1593
3258,827
3259,1594
3260,511
3261,370
3262,1595
3263,1596
3264,1237
3265,185
3266,1597
3267,362
3268,1094
3269,538
3270,1598
3271,1
3272,718
3273,1599
3274,1600
3275,1601
3276,621
3277,1602
3278,1603
3279,320
3280,1310
3281,115
3282,1604
3283,1605
3284,89
3285,560
3286,1606
3287,1607
3288,1608
3289,1034
3290,325
3291,1609
3292,1610
3293,379
3294,150
3295,448
3296,164
3297,1088
3298,874
3299,1611
3300,1612
3301,1613
3302,1614
3303,1615
3304,1616
3305,1617
3306,1618
3307,1619
3308,1097
3309,1062
3310,1620
3311,882
3312,1621
3313,1453
3314,1622
3315,177
3316,1136
3317,1623
3318,301
3319,206
3320,1292
3321,126
3322,716
3323,1624
3324,1625
3325,1410
3326,1626
3327,1627
3328,71
3329,538
3330,1628
3331,613
3332,106
3333,1629
3334,87
3335,1630
3336,464
3337,372
3338,343
3339,448
3340,1631
3341,1632
3342,490
3343,996
3344,1584
3345,1633
3346,1162
3347,509
3348,1010
3349,448
3350,1035
3351,1634
3352,1635
3353,1636
3354,82
3355,102
3356,73
3357,1456
3358,1637
3359,526
3360,469
3361,1044
3362,484
3363,1638
3364,1639
3365,182
3366,852
3367,141
3368,1019
3369,119
3370,1519
3371,87
3372,437
3373,211
3374,121
3375,1640
3376,1641
3377,867
3378,164
3379,1642
3380,1643
3381,1644
3382,1645
3383,222
3384,273
3385,352
3386,1646
3387,1647
3388,1648
3389,1649
3390,426
3391,87
3392,238
3393,1650
3394,1068
3395,1651
3396,1652
3397,1653
3398,1108
3399,94
3400,210
3401,82
3402,1654
3403,232
3404,1499
3405,174
3406,377
3407,718
3408,1655
3409,637
3410,1656
3411,548
3412,504
3413,85
3414,1657
3415,1053
3416,574
3417,429
3418,89
3419,1658
3420,1659
3421,1660
3422,1605
3423,1661
3424,26
3425,520
3426,285
3427,810
3428,1001
3429,1662
3430,1162
3431,383
3432,1034
3433,646
3434,371
3435,45
3436,570
3437,184
3438,1663
3439,37
3440,1664
3441,119
3442,1508
3443,1036
3444,1665
3445,124
3446,352
3447,1666
3448,1235
3449,1667
3450,98
3451,1003
3452,800
3453,1668
3454,30
3455,800
3456,1669
3457,751
3458,1670
3459,1671
3460,1672
3461,850
3462,1673
3463,34
3464,704
3465,1571
3466,1125
3467,155
3468,87
3469,469
3470,1674
3471,1675
3472,1676
3473,115
3474,1677
3475,376
3476,262
3477,109
3478,307
3479,1678
3480,1679
3481,747
3482,1680
3483,1125
3484,1681
3485,591
3486,33
3487,677
3488,383
3489,1682
3490,1313
3491,26
3492,274
3493,1683
3494,469
3495,583
3496,996
3497,718
3498,177
3499,469
3500,321
3501,1684
3502,1685
3503,477
3504,850
3505,1686
3506,444
3507,1687
3508,1688
3509,27
3510,1081
3511,1689
3512,1690
3513,320
3514,952
3515,1691
3516,1692
3517,1156
3518,1432
3519,526
3520,1693
3521,216
3522,704
3523,126
3524,1694
3525,1695
3526,229
3527,1696
3528,549
3529,49
3530,45
3531,1697
3532,1698
3533,341
3534,1059
3535,1699
3536,1700
3537,1701
3538,8
3539,1493
3540,802
3541,32
3542,1702
3543,415
3544,1005
3545,1703
3546,1704
3547,520
3548,719
3549,801
3550,1705
3551,1386
3552,1706
3553,1707
3554,1245
3555,538
3556,1708
3557,1709
3558,72
3559,1710
3560,1162
3561,330
3562,1711
3563,887
3564,1712
3565,1713
3566,1167
3567,1714
3568,728
3569,98
3570,1228
3571,1715
3572,1081
3573,1036
3574,646
3575,1716
3576,1717
3577,1718
3578,383
3579,1417
3580,1108
3581,566
3582,788
3583,1183
3584,71
3585,1719
3586,1720
3587,187
3588,1273
3589,1721
3590,71
3591,1722
3592,1723
3593,1724
3594,283
3595,747
3596,635
3597,333
3598,1725
3599,109
3600,444
3601,149
3602,1359
3603,1726
3604,437
3605,1727
3606,1728
3607,1729
3608,310
3609,215
3610,1541
3611,876
3612,1730
3613,1731
3614,104
3615,786
3616,36
3617,918
3618,880
3619,632
3620,1732
3621,469
3622,215
3623,1145
3624,1733
3625,403
3626,1734
3627,739
3628,1735
3629,1736
3630,509
3631,1737
3632,1428
3633,26
3634,762
3635,240
3636,1738
3637,1739
3638,548
3639,1213
3640,1740
3641,1741
3642,1742
3643,638
3644,1743
3645,352
3646,603
3647,704
3648,1744
3649,1260
3650,1745
3651,1746
3652,1747
3653,28
3654,38
3655,638
3656,1748
3657,124
3658,82
3659,1749
3660,371
3661,512
3662,276
3663,1750
3664,101
3665,1751
3666,307
3667,526
3668,772
3669,1752
3670,320
3671,178
3672,696
3673,827
3674,1753
3675,8
3676,1754
3677,469
3678,779
3679,102
3680,172
3681,1755
3682,307
3683,1756
3684,1227
3685,166
3686,842
3687,1757
3688,1000
3689,1758
3690,1759
3691,262
3692,1760
3693,1761
3694,1762
3695,1763
3696,781
3697,383
3698,1764
3699,1765
3700,1108
3701,301
3702,1766
3703,999
3704,587
3705,1767
3706,739
3707,1768
3708,1769
3709,26
3710,384
3711,745
3712,318
3713,1456
3714,1770
3715,124
3716,1771
3717,1772
3718,1287
3719,1773
3720,1774
3721,1775
3722,1776
3723,1777
3724,1778
3725,1728
3726,1779
3727,78
3728,101
3729,799
3730,704
3731,1780
3732,1781
3733,704
3734,206
3735,1782
3736,1783
3737,352
3738,307
3739,1784
3740,1785
3741,32
3742,1786
3743,654
3744,1787
3745,1386
3746,1788
3747,1789
3748,321
3749,310
3750,34
3751,178
3752,1790
3753,36
3754,178
3755,704
3756,352
3757,38
3758,177
3759,574
3760,1791
3761,426
3762,171
3763,1792
3764,517
3765,1793
3766,1794
3767,1795
3768,739
3769,352
3770,775
3771,1415
3772,1796
3773,1797
3774,1798
3775,1799
3776,131
3777,1134
3778,1800
3779,1801
3780,1145
3781,1802
3782,864
3783,1803
3784,258
3785,498
3786,933
3787,439
3788,421
3789,1804
3790,252
3791,891
3792,163
3793,717
3794,1805
3795,704
3796,692
3797,977
3798,1806
3799,1807
3800,26
3801,526
3802,253
3803,126
3804,1808
3805,869
3806,187
3807,194
3808,1809
3809,1081
3810,1810
3811,1811
3812,1812
3813,144
3814,377
3815,177
3816,1813
3817,470
3818,1814
3819,1815
3820,1816
3821,716
3822,1817
3823,1818
3824,1819
3825,1820
3826,1821
3827,102
3828,1822
3829,934
3830,760
3831,1823
3832,101
3833,1824
3834,1825
3835,739
3836,1826
3837,942
3838,1827
3839,1828
3840,305
3841,1235
3842,38
3843,305
3844,1829
3845,1213
3846,1830
3847,444
3848,1831
3849,175
3850,45
3851,547
3852,1832
3853,633
3854,1833
3855,1212
3856,827
3857,1386
3858,305
3859,1834
3860,1835
3861,1836
3862,576
3863,262
3864,850
3865,1837
3866,32
3867,469
3868,1198
3869,664
3870,38
3871,41
3872,1838
3873,1839
3874,90
3875,757
3876,384
3877,767
3878,357
3879,1840
3880,1831
3881,144
3882,1841
3883,177
3884,1842
3885,307
3886,240
3887,606
3888,1843
3889,531
3890,1844
3891,1845
3892,1846
3893,196
3894,352
3895,305
3896,1847
3897,1848
3898,1849
3899,1850
3900,1370
3901,1851
3902,283
3903,1852
3904,1853
3905,1854
3906,1855
3907,1856
3908,1857
3909,1858
3910,728
3911,1859
3912,539
3913,1860
3914,135
3915,1861
3916,357
3917,432
3918,36
3919,1862
3920,102
3921,1863
3922,1864
3923,1865
3924,1275
3925,346
3926,1866
3927,121
3928,1867
3929,1868
3930,28
3931,1869
3932,1870
3933,1871
3934,1369
3935,1872
3936,469
3937,1873
3938,1874
3939,384
3940,1875
3941,1876
3942,1877
3943,1329
3944,1878
3945,1770
3946,259
3947,283
3948,680
3949,305
3950,1879
3951,1880
3952,1881
3953,747
3954,1882
3955,30
3956,1883
3957,340
3958,1378
3959,22
3960,704
3961,340
3962,1884
3963,1885
3964,172
3965,72
3966,1886
3967,1016
3968,85
3969,1887
3970,1888
3971,72
3972,1889
3973,788
3974,1890
3975,1891
3976,102
3977,122
3978,1892
3979,1893
3980,1894
3981,352
3982,576
3983,42
3984,1036
3985,71
3986,1895
3987,1896
3988,967
3989,370
3990,1897
3991,152
3992,850
3993,1452
3994,1898
3995,157
3996,1194
3997,1899
3998,1900
3999,305
4000,401
4001,172
4002,352
4003,1901
4004,1902
4005,26
4006,101
4007,925
4008,1903
4009,1359
4010,290
4011,1904
4012,1905
4013,1052
4014,1906
4015,1200
4016,251
4017,215
4018,252
4019,1907
4020,1908
4021,634
4022,1909
4023,1910
4024,439
4025,163
4026,1245
4027,1911
4028,1912
4029,343
4030,1913
4031,1213
4032,1090
4033,44
4034,897
4035,393
4036,82
4037,1914
4038,1915
4039,864
4040,119
4041,1916
4042,124
4043,1917
4044,124
4045,682
4046,1918
4047,1
4048,1260
4049,576
4050,504
4051,1919
4052,1904
4053,1920
4054,504
4055,1137
4056,1353
4057,191
4058,1276
4059,1921
4060,1192
4061,1922
4062,1923
4063,1924
4064,469
4065,155
4066,423
4067,1925
4068,1926
4069,1927
4070,1928
4071,713
4072,1907
4073,102
4074,377
4075,26
4076,1929
4077,1930
4078,1931
4079,184
4080,1932
4081,142
4082,1933
4083,606
4084,1320
4085,1934
4086,1935
4087,1428
4088,1936
4089,1937
4090,1938
4091,1313
4092,1939
4093,1940
4094,1941
4095,26
4096,1942
4097,960
4098,432
4099,718
4100,1791
4101,1907
4102,1090
4103,276
4104,1685
4105,1943
4106,142
4107,1561
4108,751
4109,1428
4110,1944
4111,1945
4112,15
4113,1946
4114,1586
4115,922
4116,1947
4117,1948
4118,1949
4119,464
4120,89
4121,268
4122,1950
4123,1108
4124,1951
4125,176
4126,1952
4127,1953
4128,1954
4129,1955
4130,305
4131,1791
4132,749
4133,1956
4134,1957
4135,144
4136,1523
4137,1958
4138,525
4139,371
4140,1959
4141,341
4142,1635
4143,1960
4144,1951
4145,1961
4146,1962
4147,920
4148,526
4149,202
4150,1200
4151,895
4152,677
4153,115
4154,819
4155,1963
4156,1785
4157,1964
4158,788
4159,397
4160,1965
4161,1966
4162,480
4163,1967
4164,36
4165,1968
4166,512
4167,1135
4168,1969
4169,1793
4170,1970
4171,1971
4172,1513
4173,482
4174,10
4175,1972
4176,242
4177,1973
4178,1974
4179,1975
4180,1976
4181,1275
4182,1977
4183,60
4184,1978
4185,1979
4186,202
4187,739
4188,599
4189,646
4190,1775
4191,1980
4192,1981
4193,1982
4194,1983
4195,1984
4196,186
4197,1374
4198,1985
4199,1986
4200,1987
4201,1988
4202,1989
4203,1990
4204,162
4205,1991
4206,1992
4207,1993
4208,119
4209,94
4210,7
4211,444
4212,1994
4213,910
4214,1995
4215,222
4216,1996
4217,1997
4218,1998
4219,1999
4220,2000
4221,2001
4222,215
4223,1676
4224,867
4225,2002
4226,2003
4227,2004
4228,2005
4229,458
4230,1605
4231,655
4232,1951
4233,194
4234,375
4235,2006
4236,2007
4237,2008
4238,2009
4239,2010
4240,534
4241,767
4242,212
4243,596
4244,861
4245,225
4246,2011
4247,737
4248,1970
4249,855
4250,227
4251,2012
4252,781
4253,858
4254,178
4255,1738
4256,677
4257,26
4258,2013
4259,1407
4260,352
4261,2014
4262,119
4263,2015
4264,945
4265,972
4266,2016
4267,2017
4268,144
4269,379
4270,298
4271,2018
4272,2019
4273,704
4274,2020
4275,124
4276,1213
4277,38
4278,2021
4279,2022
4280,73
4281,181
4282,2023
4283,1969
4284,937
4285,722
4286,2024
4287,426
4288,1557
4289,2025
4290,2026
4291,2027
4292,2028
4293,2029
4294,2030
4295,2031
4296,2032
4297,2033
4298,26
4299,2034
4300,587
4301,670
4302,554
4303,2035
4304,373
4305,222
4306,1544
4307,2036
4308,2037
4309,1544
4310,90
4311,2038
4312,1701
4313,2039
4314,2040
4315,599
4316,994
4317,1594
4318,2041
4319,1081
4320,731
4321,2042
4322,1857
4323,2043
4324,2044
4325,2045
4326,426
4327,1453
4328,71
4329,538
4330,107
4331,715
4332,2046
4333,2047
4334,333
4335,2048
4336,1732
4337,1119
4338,182
4339,2013
4340,1467
4341,1139
4342,134
4343,713
4344,2049
4345,2050
4346,2051
4347,1583
4348,2052
4349,2053
4350,2054
4351,146
4352,2055
4353,2056
4354,1597
4355,2057
4356,2058
4357,446
4358,2059
4359,2060
4360,758
4361,669
4362,549
4363,101
4364,227
4365,219
4366,766
4367,1302
4368,1307
4369,32
4370,85
4371,2061
4372,1711
4373,2062
4374,972
4375,1818
4376,734
4377,793
4378,1337
4379,2063
4380,157
4381,1734
4382,2064
4383,2065
4384,1307
4385,2066
4386,215
4387,2067
4388,2068
4389,2069
4390,262
4391,281
4392,2070
4393,371
4394,320
4395,448
4396,2071
4397,1889
4398,174
4399,2072
4400,2073
4401,2074
4402,208
4403,907
4404,1104
4405,215
4406,2075
4407,741
4408,2076
4409,2077
4410,1108
4411,2078
4412,1764
4413,206
4414,918
4415,1590
4416,2079
4417,2080
4418,258
4419,48
4420,2081
4421,379
4422,796
4423,1094
4424,640
4425,2082
4426,474
4427,1439
4428,718
4429,1013
4430,102
4431,2083
4432,43
4433,2084
4434,2085
4435,2008
4436,2086
4437,2087
4438,36
4439,2088
4440,2089
4441,13
4442,1035
4443,149
4444,2090
4445,2091
4446,2092
4447,157
4448,439
4449,2093
4450,818
4451,964
4452,255
4453,2094
4454,1035
4455,994
4456,439
4457,603
4458,2095
4459,2096
4460,2097
4461,1361
4462,547
4463,2098
4464,2099
4465,2100
4466,512
4467,788
4468,525
4469,251
4470,2101
4471,2102
4472,2103
4473,2104
4474,2105
4475,307
4476,588
4477,2106
4478,318
4479,2107
4480,2108
4481,101
4482,2109
4483,2110
4484,2111
4485,2112
4486,177
4487,767
4488,1275
4489,711
4490,142
4491,163
4492,2113
4493,2114
4494,232
4495,2115
4496,2116
4497,1815
4498,2117
4499,1237
4500,2118
4501,748
4502,2119
4503,2120
4504,1143
4505,2121
4506,210
4507,2122
4508,415
4509,2123
4510,142
4511,1059
4512,2124
4513,2125
4514,2126
4515,1338
4516,32
4517,2127
4518,2128
4519,1374
4520,864
4521,2129
4522,314
4523,1094
4524,2130
4525,685
4526,307
4527,2131
4528,2132
4529,2133
4530,352
4531,225
4532,2134
4533,242
4534,109
4535,2135
4536,1202
4537,1260
4538,669
4539,702
4540,735
4541,2136
4542,2019
4543,1834
4544,1321
4545,2137
4546,692
4547,2138
4548,2139
4549,796
4550,174
4551,1237
4552,2140
4553,252
4554,415
4555,2141
4556,2142
4557,2143
4558,2144
4559,2145
4560,26
4561,290
4562,576
4563,464
4564,2146
4565,124
4566,2147
4567,129
4568,212
4569,1157
4570,937
4571,1108
4572,2148
4573,2149
4574,2150
4575,1642
4576,162
4577,192
4578,2151
4579,2152
4580,577
4581,714
4582,142
4583,2028
4584,108
4585,2153
4586,2154
4587,15
4588,2155
4589,2156
4590,310
4591,2157
4592,970
4593,224
4594,2158
4595,2159
4596,2160
4597,239
4598,2161
4599,2162
4600,2163
4601,325
4602,149
4603,1198
4604,2164
4605,2165
4606,242
4607,2166
4608,2167
4609,2168
4610,2169
4611,2170
4612,2171
4613,104
4614,1835
4615,557
4616,2172
4617,2173
4618,930
4619,415
4620,2174
4621,2175
4622,2176
4623,869
4624,2177
4625,2178
4626,2179
4627,788
4628,2180
4629,2181
4630,2182
4631,907
4632,538
4633,2183
4634,986
4635,131
4636,63
4637,2184
4638,761
4639,2185
4640,2186
4641,2187
4642,208
4643,2188
4644,2189
4645,788
4646,2190
4647,428
4648,1990
4649,2191
4650,2192
4651,1768
4652,2193
4653,2194
4654,38
4655,1396
4656,2195
4657,119
4658,2196
4659,480
4660,2197
4661,2198
4662,1907
4663,655
4664,2199
4665,1408
4666,2200
4667,78
4668,2201
4669,2202
4670,1852
4671,2203
4672,852
4673,2204
4674,31
4675,2205
4676,2206
4677,2207
4678,329
4679,71
4680,1811
4681,1628
4682,168
4683,2208
4684,2209
4685,2032
4686,152
4687,1964
4688,2210
4689,2211
4690,283
4691,1034
4692,379
4693,638
4694,172
4695,2212
4696,1712
4697,2213
4698,1019
4699,238
4700,649
4701,2214
4702,2215
4703,685
4704,142
4705,959
4706,2216
4707,2217
4708,2218
4709,632
4710,619
4711,2219
4712,89
4713,2220
4714,82
4715,667
4716,2221
4717,2222
4718,2223
4719,375
4720,2224
4721,2225
4722,2226
4723,1079
4724,739
4725,2227
4726,21
4727,2228
4728,71
4729,124
4730,2229
4731,2230
4732,2231
4733,429
4734,2232
4735,115
4736,2233
4737,2234
4738,2235
4739,1292
4740,90
4741,142
4742,447
4743,2236
4744,172
4745,2237
4746,1820
4747,2238
4748,2239
4749,2240
4750,2241
4751,1484
4752,2242
4753,2243
4754,609
4755,560
4756,2244
4757,2245
4758,2246
4759,570
4760,2247
4761,1969
4762,994
4763,194
4764,73
4765,2248
4766,464
4767,2249
4768,2250
4769,2251
4770,1372
4771,2252
4772,1307
4773,2253
4774,106
4775,1136
4776,2254
4777,1303
4778,2255
4779,2256
4780,93
4781,2257
4782,195
4783,375
4784,2258
4785,2259
4786,224
4787,2260
4788,2261
4789,788
4790,1901
4791,637
4792,1734
4793,101
4794,2262
4795,1287
4796,249
4797,1198
4798,214
4799,2263
4800,350
4801,2264
4802,2265
4803,2266
4804,375
4805,2267
4806,2268
4807,2269
4808,972
4809,1234
4810,437
4811,2270
4812,2271
4813,2272
4814,2273
4815,992
4816,212
4817,1990
4818,102
4819,2274
4820,716
4821,2275
4822,2085
4823,157
4824,2276
4825,1920
4826,268
4827,2277
4828,2278
4829,2279
4830,2280
4831,2281
4832,2282
4833,36
4834,2283
4835,152
4836,2284
4837,1876
4838,290
4839,1907
4840,2285
4841,252
4842,1697
4843,2286
4844,2287
4845,2288
4846,730
4847,656
4848,2289
4849,144
4850,2290
4851,1361
4852,85
4853,2291
4854,2292
4855,1081
4856,2041
4857,2257
4858,438
4859,646
4860,2155
4861,799
4862,556
4863,382
4864,1734
4865,2293
4866,2294
4867,2295
4868,2296
4869,2297
4870,2298
4871,432
4872,2299
4873,2300
4874,2301
4875,1162
4876,2302
4877,525
4878,2303
4879,1513
4880,2304
4881,26
4882,1192
4883,2305
4884,234
4885,157
4886,997
4887,28
4888,1139
4889,2306
4890,1577
4891,375
4892,739
4893,258
4894,268
4895,2307
4896,2308
4897,1048
4898,1090
4899,141
4900,638
4901,429
4902,71
4903,1605
4904,2309
4905,2310
4906,2311
4907,26
4908,2312
4909,715
4910,2313
4911,2314
4912,2315
4913,2316
4914,45
4915,2317
4916,2318
4917,582
4918,1031
4919,36
4920,2316
4921,2319
4922,2320
4923,1167
4924,972
4925,546
4926,142
4927,2321
4928,1275
4929,352
4930,274
4931,2322
4932,2323
4933,2324
4934,2325
4935,578
4936,2326
4937,2327
4938,996
4939,1379
4940,106
4941,688
4942,719
4943,45
4944,263
4945,855
4946,1147
4947,350
4948,2328
4949,930
4950,2329
4951,2330
4952,2331
4953,2332
4954,48
4955,711
4956,512
4957,2333
4958,154
4959,2334
4960,85
4961,2335
4962,93
4963,2336
4964,178
4965,429
4966,2337
4967,375
4968,891
4969,451
4970,2338
4971,1964
4972,2337
4973,2339
4974,1256
4975,705
4976,375
4977,1174
4978,1535
4979,2340
4980,1081
4981,1417
4982,303
4983,1628
4984,2341
4985,2342
4986,314
4987,2343
4988,379
4989,421
4990,2344
4991,647
4992,26
4993,897
4994,2345
4995,1908
4996,716
4997,318
4998,1612
4999,26
5000,696
5001,2346
5002,2347
5003,2348
5004,1310
5005,1527
5006,89
5007,2349
5008,779
5009,73
5010,2350
5011,1907
5012,2351
5013,2352
5014,1717
5015,1576
5016,126
5017,1576
5018,469
5019,2353
5020,1016
5021,972
5022,73
5023,2354
5024,2355
5025,680
5026,2356
5027,2357
5028,242
5029,106
5030,704
5031,2358
5032,2359
5033,421
5034,1480
5035,1119
5036,2360
5037,28
5038,2361
5039,2362
5040,1226
5041,295
5042,2363
5043,770
5044,802
5045,2364
5046,728
5047,696
5048,2365
5049,2366
5050,2367
5051,1052
5052,2368
5053,353
5054,2369
5055,819
5056,477
5057,634
5058,1415
5059,972
5060,102
5061,2370
5062,177
5063,2371
5064,2372
5065,2373
5066,2374
5067,2375
5068,482
5069,2376
5070,2377
5071,2378
5072,606
5073,2379
5074,2380
5075,33
5076,2381
5077,2382
5078,321
5079,1130
5080,2383
5081,325
5082,2384
5083,2385
5084,1361
5085,781
5086,2386
5087,2077
5088,158
5089,406
5090,2387
5091,1951
5092,2388
5093,1815
5094,930
5095,1368
5096,42
5097,66
5098,2389
5099,1846
5100,102
5101,242
5102,124
5103,87
5104,1364
5105,1521
5106,992
5107,2390
5108,2391
5109,682
5110,2392
5111,1202
5112,925
5113,1307
5114,1094
5115,1331
5116,146
5117,448
5118,2393
5119,2394
5120,774
5121,34
5122,1228
5123,812
5124,867
5125,2395
5126,716
5127,2396
5128,1053
5129,2397
5130,37
5131,415
5132,2398
5133,2399
5134,827
5135,82
5136,2400
5137,2401
5138,1377
5139,2402
5140,726
5141,2403
5142,2404
5143,2405
5144,557
5145,718
5146,990
5147,987
5148,2406
5149,357
5150,2407
5151,2408
5152,45
5153,2212
5154,1738
5155,462
5156,2409
5157,2410
5158,2411
5159,4
5160,2412
5161,2080
5162,994
5163,178
5164,540
5165,1343
5166,175
5167,1768
5168,2413
5169,2414
5170,2415
5171,2416
5172,2417
5173,650
5174,2418
5175,2419
5176,2420
5177,2046
5178,251
5179,1054
5180,126
5181,2421
5182,1090
5183,383
5184,4
5185,2290
5186,2236
5187,2422
5188,1441
5189,2423
5190,2424
5191,424
5192,2425
5193,2426
5194,2427
5195,2428
5196,2429
5197,2430
5198,2431
5199,793
5200,1432
5201,491
5202,186
5203,1236
5204,2432
5205,215
5206,101
5207,1088
5208,2433
5209,1276
5210,2434
5211,161
5212,704
5213,1764
5214,2435
5215,437
5216,106
5217,1434
5218,606
5219,178
5220,2436
5221,2437
5222,574
5223,1331
5224,2438
5225,71
5226,225
5227,677
5228,2439
5229,2440
5230,49
5231,352
5232,2441
5233,2442
5234,2443
5235,1996
5236,1213
5237,2444
5238,314
5239,2445
5240,62
5241,2446
5242,1200
5243,2447
5244,2448
5245,2449
5246,762
5247,2450
5248,212
5249,331
5250,2451
5251,2452
5252,2453
5253,596
5254,751
5255,375
5256,2454
5257,819
5258,2455
5259,163
5260,2456
5261,2457
5262,2458
5263,2459
5264,2460
5265,2461
5266,1415
5267,28
5268,2291
5269,2462
5270,148
5271,2463
5272,1981
5273,2464
5274,788
5275,2465
5276,2466
5277,1888
5278,2467
5279,509
5280,2468
5281,731
5282,2469
5283,794
5284,2470
5285,802
5286,2471
5287,922
5288,2472
5289,2473
5290,731
5291,2474
5292,1741
5293,2475
5294,525
5295,576
5296,1213
5297,2476
5298,2477
5299,242
5300,306
5301,117
5302,1256
5303,1776
5304,2478
5305,2479
5306,219
5307,2480
5308,2481
5309,2291
5310,2482
5311,1317
5312,2483
5313,2484
5314,538
5315,2485
5316,126
5317,1301
5318,178
5319,212
5320,2486
5321,2487
5322,2488
5323,785
5324,961
5325,896
5326,2489
5327,2490
5328,2491
5329,722
5330,884
5331,89
5332,2492
5333,2493
5334,162
5335,149
5336,937
5337,813
5338,107
5339,375
5340,2494
5341,2495
5342,1901
5343,290
5344,2496
5345,2497
5346,669
5347,2498
5348,2499
5349,2186
5350,739
5351,85
5352,2500
5353,2501
5354,2502
5355,31
5356,1109
5357,704
5358,1331
5359,206
5360,146
5361,2503
5362,2504
5363,2505
5364,2506
5365,155
5366,2507
5367,415
5368,432
5369,458
5370,1024
5371,739
5372,2485
5373,548
5374,758
5375,2477
5376,346
5377,333
5378,2508
5379,326
5380,1048
5381,2509
5382,45
5383,696
5384,1263
5385,2510
5386,2511
5387,2193
5388,745
5389,339
5390,696
5391,2512
5392,2513
5393,2514
5394,415
5395,195
5396,2515
5397,308
5398,2516
5399,258
5400,868
5401,2517
5402,576
5403,262
5404,2360
5405,2518
5406,2519
5407,1213
5408,2422
5409,739
5410,2492
5411,2520
5412,2521
5413,2522
5414,2523
5415,1221
5416,856
5417,2524
5418,2525
5419,677
5420,1228
5421,2526
5422,1220
5423,2527
5424,320
5425,2528
5426,2529
5427,2530
5428,1597
5429,2028
5430,2531
5431,1192
5432,356
5433,2532
5434,2533
5435,2534
5436,685
5437,1018
5438,1490
5439,473
5440,2535
5441,2536
5442,2537
5443,2538
5444,2539
5445,177
5446,715
5447,2540
5448,307
5449,479
5450,415
5451,2248
5452,2541
5453,650
5454,2542
5455,1882
5456,2543
5457,263
5458,788
5459,2544
5460,2545
5461,1237
5462,1888
5463,2546
5464,2132
5465,1019
5466,739
5467,466
5468,305
5469,644
5470,26
5471,859
5472,1846
5473,737
5474,2547
5475,1307
5476,2548
5477,737
5478,2549
5479,1268
5480,2550
5481,2551
5482,405
5483,26
5484,249
5485,206
5486,490
5487,2552
5488,141
5489,2553
5490,468
5491,2554
5492,2555
5493,2556
5494,2557
5495,1343
5496,1540
5497,124
5498,2558
5499,2559
5500,352
5501,2560
5502,1201
5503,2561
5504,2562
5505,2003
5506,7
5507,468
5508,2563
5509,1366
5510,767
5511,716
5512,2564
5513,2565
5514,2566
5515,28
5516,2512
5517,2567
5518,633
5519,383
5520,340
5521,259
5522,106
5523,2568
5524,2569
5525,175
5526,2570
5527,504
5528,2319
5529,2571
5530,156
5531,2572
5532,2573
5533,276
5534,1495
5535,2574
5536,2575
5537,2435
5538,40
5539,101
5540,2576
5541,2577
5542,1222
5543,2578
5544,2579
5545,2580
5546,2581
5547,450
5548,285
5549,2582
5550,2583
5551,1832
5552,667
5553,2584
5554,2585
5555,2586
5556,2587
5557,2349
5558,2588
5559,2589
5560,2590
5561,2591
5562,1903
5563,2059
5564,576
5565,2592
5566,1306
5567,2593
5568,2594
5569,283
5570,2595
5571,2596
5572,310
5573,619
5574,2597
5575,357
5576,2598
5577,634
5578,2599
5579,2600
5580,2601
5581,71
5582,2602
5583,26
5584,2603
5585,696
5586,2604
5587,949
5588,714
5589,2605
5590,2606
5591,713
5592,2607
5593,2608
5594,352
5595,466
5596,2609
5597,210
5598,2610
5599,2259
5600,114
5601,512
5602,2611
5603,226
5604,2612
5605,157
5606,439
5607,71
5608,2613
5609,2406
5610,33
5611,1628
5612,2614
5613,357
5614,2615
5615,1981
5616,2616
5617,526
5618,2617
5619,696
5620,2618
5621,2619
5622,2620
5623,2154
5624,286
5625,2621
5626,564
5627,1212
5628,2622
5629,195
5630,2623
5631,362
5632,2624
5633,2625
5634,400
5635,2626
5636,2627
5637,1929
5638,184
5639,305
5640,227
5641,85
5642,644
5643,2628
5644,818
5645,540
5646,2629
5647,578
5648,2630
5649,748
5650,1090
5651,2631
5652,2632
5653,48
5654,2633
5655,1544
5656,2634
5657,262
5658,546
5659,1090
5660,2635
5661,137
5662,2636
5663,2637
5664,669
5665,711
5666,307
5667,177
5668,114
5669,421
5670,2638
5671,377
5672,2639
5673,827
5674,22
5675,2640
5676,2641
5677,2642
5678,109
5679,2643
5680,696
5681,1434
5682,934
5683,2644
5684,329
5685,2645
5686,2646
5687,104
5688,2647
5689,200
5690,2648
5691,1846
5692,2649
5693,2650
5694,1814
5695,21
5696,45
5697,2651
5698,2652
5699,2653
5700,401
5701,2654
5702,718
5703,594
5704,2655
5705,2656
5706,1
5707,918
5708,36
5709,2657
5710,864
5711,2658
5712,312
5713,208
5714,2659
5715,937
5716,1583
5717,60
5718,2660
5719,2661
5720,2662
5721,102
5722,2663
5723,541
5724,1654
5725,818
5726,2664
5727,2665
5728,2666
5729,242
5730,2566
5731,2667
5732,215
5733,565
5734,2668
5735,2669
5736,1173
5737,1389
5738,955
5739,1200
5740,340
5741,2182
5742,2194
5743,2670
5744,596
5745,2671
5746,324
5747,2672
5748,2673
5749,2055
5750,2674
5751,2675
5752,1987
5753,959
5754,2676
5755,2677
5756,2678
5757,283
5758,2284
5759,2679
5760,1831
5761,75
5762,819
5763,2680
5764,2333
5765,2681
5766,2682
5767,2683
5768,910
5769,2684
5770,2182
5771,2685
5772,295
5773,2686
5774,1359
5775,51
5776,719
5777,2687
5778,308
5779,252
5780,2688
5781,2689
5782,242
5783,2690
5784,2691
5785,124
5786,2692
5787,162
5788,944
5789,2693
5790,2694
5791,2573
5792,619
5793,2695
5794,1417
5795,1372
5796,1755
5797,297
5798,2696
5799,673
5800,2697
5801,2698
5802,551
5803,534
5804,875
5805,1172
5806,85
5807,2506
5808,175
5809,2699
5810,2700
5811,115
5812,2701
5813,2702
5814,930
5815,2703
5816,2704
5817,1115
5818,352
5819,2705
5820,154
5821,2333
5822,2706
5823,403
5824,2215
5825,2707
5826,31
5827,142
5828,633
5829,85
5830,594
5831,2708
5832,448
5833,2474
5834,26
5835,1263
5836,2709
5837,1145
5838,174
5839,2710
5840,320
5841,718
5842,2711
5843,469
5844,2712
5845,655
5846,2713
5847,2416
5848,1307
5849,180
5850,533
5851,2714
5852,2715
5853,69
5854,2716
5855,331
5856,1368
5857,324
5858,2717
5859,403
5860,1329
5861,2718
5862,2544
5863,2719
5864,1145
5865,2720
5866,619
5867,178
5868,378
5869,2721
5870,491
5871,102
5872,1261
5873,2081
5874,346
5875,158
5876,383
5877,2722
5878,238
5879,2723
5880,194
5881,2724
5882,142
5883,2725
5884,2726
5885,1833
5886,2727
5887,804
5888,310
5889,2728
5890,2729
5891,2730
5892,2731
5893,2732
5894,1661
5895,357
5896,2733
5897,2734
5898,1681
5899,2735
5900,2736
5901,2737
5902,1946
5903,212
5904,224
5905,2236
5906,564
5907,206
5908,379
5909,1971
5910,2738
5911,2739
5912,2740
5913,428
5914,2741
5915,401
5916,71
5917,761
5918,2742
5919,2743
5920,507
5921,2744
5922,34
5923,72
5924,432
5925,2745
5926,2746
5927,2747
5928,2748
5929,142
5930,2749
5931,2750
5932,1079
5933,2751
5934,1764
5935,2752
5936,26
5937,1329
5938,2753
5939,2754
5940,2755
5941,2756
5942,2757
5943,1791
5944,1
5945,343
5946,328
5947,2758
5948,439
5949,2759
5950,2760
5951,2761
5952,371
5953,2762
5954,267
5955,2763
5956,2764
5957,2765
5958,2766
5959,242
5960,2767
5961,1321
5962,1527
5963,224
5964,1613
5965,2768
5966,2769
5967,2770
5968,7
5969,34
5970,2642
5971,608
5972,310
5973,2771
5974,2772
5975,996
5976,93
5977,1239
5978,1071
5979,2773
5980,1831
5981,28
5982,2727
5983,289
5984,726
5985,320
5986,2774
5987,1141
5988,2775
5989,448
5990,2776
5991,2777
5992,2778
5993,249
5994,1263
5995,2169
5996,2779
5997,1857
5998,538
5999,179
6000,2326
6001,383
6002,2780
6003,1228
6004,2781
6005,401
6006,2052
6007,1437
6008,2782
6009,1247
6010,2783
6011,1953
6012,2784
6013,2785
6014,1571
6015,2786
6016,2787
6017,2788
6018,664
6019,2789
6020,251
6021,464
6022,71
6023,2790
6024,2791
6025,606
6026,1526
6027,1497
6028,2792
6029,1190
6030,71
6031,382
6032,371
6033,2793
6034,2794
6035,1183
6036,2795
6037,2796
6038,240
6039,314
6040,2797
6041,1791
6042,2798
6043,85
6044,1307
6045,2799
6046,1073
6047,2800
6048,328
6049,32
6050,2724
6051,333
6052,2801
6053,469
6054,7
6055,704
6056,2802
6057,1771
6058,2803
6059,2804
6060,2805
6061,65
6062,2806
6063,45
6064,2807
6065,1852
6066,2808
6067,2809
6068,2810
6069,1811
6070,33
6071,2811
6072,2812
6073,38
6074,146
6075,2813
6076,2531
6077,2236
6078,2814
6079,2726
6080,2815
6081,82
6082,140
6083,2816
6084,279
6085,2817
6086,124
6087,2818
6088,2819
6089,2820
6090,2821
6091,2822
6092,2823
6093,2824
6094,2825
6095,2826
6096,623
6097,2827
6098,480
6099,2828
6100,2829
6101,639
6102,793
6103,2830
6104,1005
6105,307
6106,2831
6107,2832
6108,2833
6109,810
6110,1317
6111,141
6112,2475
6113,2435
6114,276
6115,381
6116,101
6117,2834
6118,442
6119,2835
6120,2836
6121,1099
6122,1721
6123,1059
6124,755
6125,946
6126,2837
6127,440
6128,2838
6129,174
6130,2839
6131,1253
6132,2840
6133,889
6134,633
6135,36
6136,2841
6137,2842
6138,238
6139,2843
6140,47
6141,866
6142,2844
6143,1092
6144,308
6145,93
6146,2845
6147,290
6148,2846
6149,2847
6150,2848
6151,2849
6152,2850
6153,379
6154,2851
6155,2852
6156,2726
6157,639
6158,2853
6159,2854
6160,2222
6161,2855
6162,2856
6163,1440
6164,2857
6165,1069
6166,2858
6167,2859
6168,1396
6169,2860
6170,2861
6171,157
6172,1410
6173,2862
6174,2863
6175,2864
6176,1997
6177,2865
6178,2866
6179,739
6180,2867
6181,1013
6182,2821
6183,2868
6184,2869
6185,2870
6186,2871
6187,2872
6188,252
6189,2873
6190,1564
6191,2874
6192,202
6193,2875
6194,2012
6195,2876
6196,42
6197,2877
6198,594
6199,767
6200,312
6201,320
6202,2878
6203,2879
6204,2880
6205,2881
6206,1885
6207,234
6208,1083
6209,2882
6210,1276
6211,800
6212,2883
6213,74
6214,1902
6215,2884
6216,2885
6217,1264
6218,2886
6219,90
6220,2887
6221,547
6222,606
6223,670
6224,2888
6225,2889
6226,2890
6227,2891
6228,2892
6229,770
6230,2893
6231,2894
6232,444
6233,2319
6234,480
6235,474
6236,2895
6237,30
6238,26
6239,2896
6240,2897
6241,104
6242,26
6243,2898
6244,115
6245,2899
6246,2750
6247,352
6248,49
6249,2900
6250,2406
6251,2901
6252,2902
6253,2903
6254,2904
6255,216
6256,2905
6257,2906
6258,57
6259,2864
6260,178
6261,195
6262,2907
6263,757
6264,140
6265,484
6266,1046
6267,157
6268,2908
6269,303
6270,2909
6271,2910
6272,1201
6273,2911
6274,2912
6275,312
6276,1735
6277,2913
6278,667
6279,2914
6280,2915
6281,2916
6282,2917
6283,1753
6284,2918
6285,2919
6286,638
6287,1755
6288,1814
6289,298
6290,166
6291,2920
6292,2921
6293,2922
6294,1690
6295,2923
6296,667
6297,2924
6298,178
6299,2128
6300,192
6301,448
6302,1949
6303,2694
6304,750
6305,972
6306,2925
6307,222
6308,2926
6309,2927
6310,2928
6311,2929
6312,2930
6313,2931
6314,474
6315,1396
6316,101
6317,929
6318,555
6319,2932
6320,259
6321,319
6322,2933
6323,1234
6324,750
6325,124
6326,2934
6327,2935
6328,177
6329,2936
6330,2937
6331,331
6332,1811
6333,2938
6334,1034
6335,2939
6336,2940
6337,2941
6338,2942
6339,2943
6340,818
6341,2929
6342,2944
6343,2945
6344,1268
6345,2316
6346,2946
6347,2947
6348,2948
6349,2949
6350,1069
6351,1130
6352,2950
6353,148
6354,34
6355,1062
6356,556
6357,2951
6358,178
6359,90
6360,2952
6361,2931
6362,688
6363,2953
6364,466
6365,2954
6366,2955
6367,175
6368,2367
6369,831
6370,2956
6371,2957
6372,1253
6373,1355
6374,1329
6375,2958
6376,2959
6377,2960
6378,85
6379,606
6380,2961
6381,813
6382,762
6383,71
6384,28
6385,2962
6386,1570
6387,594
6388,2963
6389,2964
6390,2965
6391,301
6392,1
6393,2114
6394,2966
6395,1982
6396,326
6397,2967
6398,2968
6399,2969
6400,2970
6401,2971
6402,171
6403,163
6404,2972
6405,310
6406,673
6407,911
6408,2973
6409,740
6410,2974
6411,1699
6412,890
6413,2975
6414,637
6415,101
6416,1201
6417,2976
6418,2977
6419,370
6420,251
6421,2144
6422,2169
6423,786
6424,2978
6425,2979
6426,1734
6427,2850
6428,2980
6429,2981
6430,770
6431,2982
6432,2983
6433,1185
6434,2984
6435,643
6436,2985
6437,253
6438,13
6439,2986
6440,1000
6441,2987
6442,2988
6443,2989
6444,2990
6445,2991
6446,726
6447,2992
6448,127
6449,194
6450,1143
6451,1048
6452,864
6453,370
6454,2993
6455,2994
6456,24
6457,1223
6458,1730
6459,479
6460,469
6461,2995
6462,2996
6463,2765
6464,464
6465,371
6466,2997
6467,2998
6468,1292
6469,34
6470,864
6471,719
6472,2999
6473,526
6474,3000
6475,3001
6476,484
6477,3002
6478,3003
6479,346
6480,3004
6481,2601
6482,346
6483,3005
6484,2434
6485,3006
6486,827
6487,9
6488,858
6489,3007
6490,3008
6491,1706
6492,3009
6493,115
6494,1534
6495,3010
6496,103
6497,1213
6498,774
6499,3011
6500,3012
6501,3013
6502,3014
6503,415
6504,3015
6505,2169
6506,525
6507,3016
6508,514
6509,3017
6510,1559
6511,170
6512,3018
6513,3019
6514,3020
6515,1658
6516,3021
6517,432
6518,3022
6519,3023
6520,3024
6521,1640
6522,3025
6523,401
6524,3026
6525,3027
6526,473
6527,3028
6528,719
6529,3029
6530,469
6531,122
6532,3030
6533,3031
6534,3032
6535,1235
6536,1233
6537,168
6538,458
6539,491
6540,2506
6541,1253
6542,3033
6543,49
6544,3034
6545,1122
6546,1586
6547,3035
6548,2802
6549,3036
6550,262
6551,781
6552,3037
6553,3038
6554,994
6555,1626
6556,1905
6557,399
6558,1359
6559,3039
6560,3040
6561,1686
6562,26
6563,696
6564,2307
6565,1832
6566,225
6567,722
6568,3041
6569,3042
6570,3043
6571,426
6572,3044
6573,1
6574,1301
6575,1261
6576,3045
6577,1287
6578,799
6579,758
6580,3046
6581,692
6582,3047
6583,3048
6584,3049
6585,3050
6586,328
6587,3051
6588,826
6589,64
6590,3052
6591,3053
6592,3054
6593,531
6594,788
6595,3055
6596,3056
6597,1353
6598,3057
6599,1628
6600,3058
6601,200
6602,3059
6603,3060
6604,89
6605,910
6606,1907
6607,1396
6608,3061
6609,3062
6610,3063
6611,793
6612,168
6613,3064
6614,3065
6615,3066
6616,3067
6617,3068
6618,106
6619,2680
6620,371
6621,2506
6622,409
6623,186
6624,3069
6625,3070
6626,124
6627,3071
6628,1222
6629,747
6630,1832
6631,28
6632,1089
6633,1343
6634,3072
6635,1868
6636,564
6637,464
6638,1902
6639,3073
6640,3074
6641,3075
6642,3076
6643,483
6644,149
6645,792
6646,767
6647,3077
6648,2290
6649,3078
6650,3079
6651,3080
6652,3081
6653,90
6654,3082
6655,3083
6656,3084
6657,3085
6658,569
6659,384
6660,3086
6661,3087
6662,339
6663,3088
6664,3089
6665,696
6666,564
6667,3090
6668,3091
6669,1654
6670,3092
6671,3093
6672,3094
6673,3095
6674,2435
6675,172
6676,26
6677,3096
6678,215
6679,1001
6680,876
6681,3097
6682,3098
6683,1077
6684,3099
6685,438
6686,3100
6687,82
6688,316
6689,1818
6690,3101
6691,757
6692,3102
6693,3103
6694,423
6695,867
6696,3104
6697,3105
6698,1628
6699,2827
6700,3106
6701,1904
6702,613
6703,3107
6704,3108
6705,3109
6706,1329
6707,3110
6708,748
6709,3111
6710,640
6711,3112
6712,48
6713,87
6714,175
6715,320
6716,3113
6717,253
6718,448
6719,1978
6720,2733
6721,3114
6722,3115
6723,108
6724,1179
6725,175
6726,719
6727,126
6728,3116
6729,2782
6730,3117
6731,339
6732,993
6733,3118
6734,3119
6735,2028
6736,3120
6737,378
6738,3121
6739,2444
6740,3122
6741,1447
6742,3123
6743,3124
6744,3125
6745,1422
6746,3126
6747,37
6748,3127
6749,1353
6750,2991
6751,98
6752,3128
6753,3129
6754,704
6755,3130
6756,3131
6757,3132
6758,1065
6759,1379
6760,2601
6761,866
6762,3133
6763,3134
6764,1606
6765,3135
6766,3136
6767,3137
6768,3138
6769,567
6770,1164
6771,1465
6772,2830
6773,3139
6774,906
6775,3140
6776,322
6777,3141
6778,512
6779,3142
6780,3143
6781,3144
6782,328
6783,3145
6784,352
6785,718
6786,3146
6787,1213
6788,3147
6789,3148
6790,792
6791,3149
6792,3150
6793,3151
6794,252
6795,161
6796,3152
6797,126
6798,3153
6799,3154
6800,2802
6801,918
6802,3155
6803,119
6804,3156
6805,3157
6806,793
6807,426
6808,1838
6809,1868
6810,3158
6811,3159
6812,3160
6813,1990
6814,3082
6815,3161
6816,2296
6817,126
6818,341
6819,818
6820,3162
6821,1301
6822,3163
6823,1550
6824,796
6825,1320
6826,718
6827,3164
6828,3165
6829,225
6830,3166
6831,914
6832,122
6833,3167
6834,424
6835,1137
6836,3168
6837,3169
6838,149
6839,3170
6840,3171
6841,3172
6842,3173
6843,1202
6844,432
6845,3174
6846,172
6847,546
6848,215
6849,3175
6850,3176
6851,3177
6852,3178
6853,340
6854,124
6855,3179
6856,437
6857,3180
6858,3181
6859,1088
6860,796
6861,3182
6862,1945
6863,3183
6864,383
6865,1108
6866,835
6867,3184
6868,2416
6869,1260
6870,3185
6871,219
6872,667
6873,1108
6874,3186
6875,2783
6876,3187
6877,3188
6878,2798
6879,606
6880,464
6881,1583
6882,3189
6883,3190
6884,329
6885,3191
6886,1818
6887,1378
6888,102
6889,3192
6890,3193
6891,3194
6892,3195
6893,3196
6894,3197
6895,2287
6896,3198
6897,3199
6898,2802
6899,526
6900,3200
6901,735
6902,3201
6903,793
6904,2502
6905,3202
6906,169
6907,2224
6908,383
6909,1363
6910,937
6911,2517
6912,3203
6913,40
6914,3204
6915,3205
6916,3206
6917,415
6918,373
6919,1010
6920,1396
6921,3207
6922,3208
6923,3209
6924,1204
6925,3210
6926,506
6927,3211
6928,3212
6929,3213
6930,2946
6931,242
6932,1319
6933,3214
6934,3215
6935,3216
6936,737
6937,470
6938,3217
6939,1024
6940,1310
6941,3218
6942,3219
6943,3220
6944,916
6945,713
6946,2227
6947,93
6948,3221
6949,458
6950,886
6951,577
6952,644
6953,426
6954,3222
6955,3223
6956,87
6957,3224
6958,718
6959,1786
6960,3225
6961,206
6962,1768
6963,201
6964,26
6965,763
6966,3226
6967,3227
6968,1378
6969,3228
6970,3229
6971,3230
6972,330
6973,3231
6974,310
6975,3006
6976,3232
6977,1768
6978,73
6979,647
6980,3233
6981,49
6982,2189
6983,3234
6984,3235
6985,45
6986,3236
6987,3237
6988,1768
6989,2945
6990,1791
6991,2414
6992,440
6993,154
6994,286
6995,445
6996,1276
6997,2059
6998,3238
6999,3239
7000,3240
7001,3241
7002,3242
7003,3243
7004,3244
7005,699
7006,3245
7007,3246
7008,3247
7009,739
7010,403
7011,3248
7012,3249
7013,1656
7014,1785
7015,48
7016,3250
7017,3251
7018,238
7019,343
7020,2631
7021,269
7022,3252
7023,1583
7024,444
7025,414
7026,739
7027,73
7028,3253
7029,3254
7030,3255
7031,2809
7032,383
7033,1676
7034,2743
7035,2622
7036,3256
7037,73
7038,820
7039,149
7040,3257
7041,1721
7042,3258
7043,3259
7044,869
7045,1923
7046,2841
7047,3260
7048,1238
7049,3261
7050,3262
7051,2830
7052,3263
7053,1372
7054,1202
7055,3264
7056,1367
7057,1396
7058,529
7059,3265
7060,774
7061,3266
7062,7
7063,2115
7064,1137
7065,29
7066,1256
7067,2873
7068,149
7069,1833
7070,3267
7071,3268
7072,1998
7073,3269
7074,1929
7075,3270
7076,2387
7077,757
7078,804
7079,3271
7080,2267
7081,3272
7082,181
7083,3273
7084,3274
7085,462
7086,1140
7087,3275
7088,3179
7089,469
7090,3276
7091,3277
7092,786
7093,2631
7094,1674
7095,3278
7096,3279
7097,3280
7098,195
7099,172
7100,3281
7101,3282
7102,3283
7103,3284
7104,3285
7105,273
7106,3286
7107,2574
7108,52
7109,3287
7110,3288
7111,1320
7112,152
7113,3289
7114,3290
7115,3291
7116,308
7117,2462
7118,781
7119,2339
7120,2115
7121,32
7122,3292
7123,550
7124,621
7125,3293
7126,3294
7127,3295
7128,873
7129,3296
7130,3297
7131,3298
7132,177
7133,1044
7134,3299
7135,3300
7136,3301
7137,1363
7138,468
7139,2710
7140,3302
7141,240
7142,3303
7143,1933
7144,2631
7145,525
7146,3304
7147,1268
7148,3305
7149,3306
7150,3307
7151,526
7152,3308
7153,832
7154,3309
7155,3310
7156,3311
7157,858
7158,3312
7159,1198
7160,3313
7161,3314
7162,3315
7163,3316
7164,827
7165,3317
7166,340
7167,3318
7168,1768
7169,918
7170,3319
7171,931
7172,3320
7173,3321
7174,3322
7175,1292
7176,994
7177,1501
7178,3323
7179,3324
7180,3325
7181,3326
7182,3327
7183,1571
7184,3328
7185,3329
7186,3330
7187,3331
7188,276
7189,3332
7190,3333
7191,124
7192,3334
7193,3335
7194,2296
7195,3336
7196,3337
7197,3338
7198,56
7199,3339
7200,2798
7201,889
7202,274
7203,343
7204,3340
7205,3341
7206,3342
7207,1873
7208,3343
7209,3344
7210,362
7211,3345
7212,28
7213,1275
7214,3346
7215,3347
7216,3348
7217,1027
7218,3349
7219,3350
7220,106
7221,3351
7222,3352
7223,739
7224,3353
7225,1480
7226,3354
7227,3355
7228,3356
7229,1285
7230,3357
7231,3358
7232,3359
7233,606
7234,135
7235,623
7236,3360
7237,3361
7238,1627
7239,3362
7240,62
7241,3363
7242,3364
7243,1137
7244,580
7245,1888
7246,3365
7247,3366
7248,2924
7249,2349
7250,200
7251,925
7252,508
7253,3367
7254,178
7255,1507
7256,3368
7257,3369
7258,3370
7259,3371
7260,480
7261,422
7262,3372
7263,3373
7264,3374
7265,1802
7266,2159
7267,3372
7268,3375
7269,306
7270,3376
7271,1628
7272,3377
7273,3378
7274,341
7275,1253
7276,864
7277,3379
7278,450
7279,3380
7280,3381
7281,3382
7282,3383
7283,3384
7284,242
7285,3385
7286,118
7287,124
7288,3386
7289,3387
7290,3388
7291,333
7292,1505
7293,3389
7294,3390
7295,1964
7296,1379
7297,310
7298,1758
7299,525
7300,3391
7301,1127
7302,2553
7303,423
7304,635
7305,224
7306,3392
7307,28
7308,3393
7309,26
7310,3394
7311,1846
7312,1678
7313,3395
7314,415
7315,3396
7316,2791
7317,3397
7318,295
7319,307
7320,3398
7321,670
7322,3399
7323,1432
7324,3400
7325,1258
7326,3401
7327,3402
7328,3403
7329,423
7330,3404
7331,3405
7332,43
7333,1905
7334,212
7335,2243
7336,942
7337,3406
7338,3407
7339,3408
7340,2877
7341,3409
7342,694
7343,3410
7344,1417
7345,794
7346,3411
7347,3412
7348,3413
7349,3414
7350,400
7351,3415
7352,3416
7353,3417
7354,258
7355,432
7356,3418
7357,3419
7358,1108
7359,45
7360,3420
7361,1991
7362,3421
7363,517
7364,382
7365,3422
7366,674
7367,3423
7368,328
7369,3424
7370,785
7371,3425
7372,174
7373,1059
7374,3426
7375,523
7376,2675
7377,3427
7378,3106
7379,3428
7380,3429
7381,3430
7382,1054
7383,371
7384,918
7385,3431
7386,722
7387,252
7388,681
7389,2593
7390,3432
7391,3433
7392,185
7393,2143
7394,3434
7395,2467
7396,480
7397,3435
7398,168
7399,3436
7400,3437
7401,175
7402,3438
7403,3439
7404,994
7405,298
7406,3440
7407,310
7408,27
7409,1300
7410,3441
7411,3442
7412,220
7413,2000
7414,3443
7415,3444
7416,1453
7417,3445
7418,3446
7419,1260
7420,121
7421,986
7422,3447
7423,767
7424,719
7425,3448
7426,73
7427,1023
7428,1141
7429,329
7430,3449
7431,3450
7432,352
7433,340
7434,1130
7435,469
7436,3451
7437,3452
7438,1090
7439,214
7440,3453
7441,1519
7442,3454
7443,599
7444,26
7445,1815
7446,375
7447,3455
7448,415
7449,3456
7450,1652
7451,3457
7452,655
7453,2264
7454,1466
7455,45
7456,3458
7457,3459
7458,3460
7459,3461
7460,3462
7461,934
7462,3463
7463,177
7464,3464
7465,3465
7466,3466
7467,1656
7468,644
7469,1943
7470,3467
7471,3468
7472,2281
7473,647
7474,2694
7475,85
7476,442
7477,3469
7478,675
7479,3470
7480,1213
7481,175
7482,796
7483,3471
7484,1727
7485,3472
7486,484
7487,640
7488,3366
7489,3473
7490,3474
7491,925
7492,3475
7493,931
7494,597
7495,3476
7496,3477
7497,3478
7498,2924
7499,1676
7500,997
7501,3479
7502,3480
7503,446
7504,3481
7505,367
7506,115
7507,2679
7508,937
7509,2822
7510,305
7511,3482
7512,3483
7513,1283
7514,3484
7515,3485
7516,3486
7517,68
7518,2226
7519,442
7520,3487
7521,1135
7522,33
7523,3123
7524,3478
7525,3488
7526,3489
7527,177
7528,1832
7529,140
7530,1247
7531,3490
7532,669
7533,3491
7534,1190
7535,141
7536,861
7537,3492
7538,3493
7539,3494
7540,3495
7541,3496
7542,853
7543,1981
7544,3497
7545,1515
7546,165
7547,3498
7548,3499
7549,3500
7550,790
7551,1624
7552,469
7553,3501
7554,2802
7555,3502
7556,1213
7557,3503
7558,1011
7559,3504
7560,681
7561,1907
7562,3505
7563,3506
7564,3418
7565,3507
7566,1624
7567,1425
7568,3508
7569,3509
7570,3510
7571,697
7572,3511
7573,186
7574,3512
7575,3513
7576,1155
7577,2506
7578,251
7579,3514
7580,946
7581,215
7582,298
7583,437
7584,666
7585,400
7586,1341
7587,71
7588,3515
7589,696
7590,2454
7591,378
7592,3516
7593,1090
7594,3517
7595,526
7596,3518
7597,3519
7598,2012
7599,3313
7600,3520
7601,177
7602,3521
7603,3522
7604,1301
7605,3523
7606,254
7607,3524
7608,448
7609,3525
7610,564
7611,2027
7612,3526
7613,202
7614,437
7615,3527
7616,762
7617,3528
7618,3529
7619,3530
7620,3531
7621,876
7622,1680
7623,3532
7624,677
7625,3533
7626,100
7627,3534
7628,3535
7629,3536
7630,1108
7631,1081
7632,3537
7633,3538
7634,458
7635,382
7636,378
7637,2333
7638,352
7639,3539
7640,3540
7641,3541
7642,3542
7643,38
7644,184
7645,3543
7646,3544
7647,1029
7648,306
7649,124
7650,1697
7651,696
7652,3545
7653,1092
7654,1202
7655,3546
7656,3547
7657,437
7658,85
7659,3548
7660,3549
7661,3550
7662,3551
7663,1258
7664,696
7665,2936
7666,343
7667,3552
7668,3553
7669,1108
7670,1253
7671,3554
7672,1085
7673,3555
7674,34
7675,3556
7676,3557
7677,448
7678,3558
7679,175
7680,177
7681,3559
7682,1351
7683,61
7684,71
7685,3560
7686,3561
7687,3562
7688,1323
7689,464
7690,2410
7691,3563
7692,708
7693,3564
7694,1261
7695,2777
7696,526
7697,3565
7698,3566
7699,3567
7700,3568
7701,3569
7702,3570
7703,2492
7704,3571
7705,3572
7706,3573
7707,3574
7708,1754
7709,2676
7710,3575
7711,3576
7712,3577
7713,3578
7714,3579
7715,31
7716,175
7717,3580
7718,333
7719,448
7720,3276
7721,3581
7722,1310
7723,3582
7724,36
7725,3539
7726,3583
7727,3584
7728,3585
7729,3323
7730,826
7731,3586
7732,1713
7733,118
7734,737
7735,3587
7736,3588
7737,1135
7738,786
7739,3589
7740,3590
7741,3591
7742,3592
7743,103
7744,3593
7745,1923
7746,3594
7747,3595
7748,3596
7749,85
7750,3597
7751,3598
7752,3599
7753,3600
7754,439
7755,3601
7756,174
7757,3602
7758,548
7759,717
7760,2726
7761,1086
7762,934
7763,251
7764,1505
7765,3603
7766,3604
7767,3605
7768,3606
7769,450
7770,3607
7771,567
7772,3608
7773,3609
7774,7
7775,3610
7776,3611
7777,442
7778,732
7779,3612
7780,383
7781,3613
7782,792
7783,3614
7784,3615
7785,1276
7786,3616
7787,2186
7788,3617
7789,3618
7790,3619
7791,726
7792,356
7793,289
7794,3620
7795,219
7796,3621
7797,360
7798,3622
7799,2046
7800,3623
7801,3624
7802,340
7803,87
7804,3625
7805,3626
7806,739
7807,696
7808,3627
7809,788
7810,2366
7811,669
7812,3628
7813,1276
7814,3629
7815,3630
7816,439
7817,3631
7818,1213
7819,3632
7820,178
7821,259
7822,346
7823,215
7824,82
7825,215
7826,3633
7827,3634
7828,400
7829,538
7830,3635
7831,714
7832,3636
7833,3637
7834,918
7835,307
7836,2419
7837,1907
7838,253
7839,3638
7840,3639
7841,3640
7842,3641
7843,3642
7844,3643
7845,3644
7846,1728
7847,918
7848,1991
7849,525
7850,144
7851,3645
7852,3646
7853,3647
7854,253
7855,24
7856,2338
7857,719
7858,1010
7859,3648
7860,3649
7861,3650
7862,2319
7863,1260
7864,606
7865,352
7866,3651
7867,3652
7868,3653
7869,3654
7870,343
7871,3655
7872,3656
7873,28
7874,2412
7875,177
7876,728
7877,352
7878,227
7879,3657
7880,136
7881,1410
7882,3658
7883,3659
7884,548
7885,2553
7886,3660
7887,1444
7888,15
7889,1307
7890,845
7891,1785
7892,3661
7893,2717
7894,637
7895,3662
7896,3663
7897,3664
7898,3665
7899,3666
7900,3667
7901,743
7902,26
7903,3668
7904,3669
7905,3670
7906,3671
7907,1036
7908,115
7909,78
7910,1089
7911,3672
7912,305
7913,835
7914,1127
7915,1233
7916,3673
7917,307
7918,3674
7919,3675
7920,548
7921,3676
7922,370
7923,3677
7924,3678
7925,3679
7926,3320
7927,1788
7928,146
7929,3680
7930,3681
7931,7
7932,325
7933,3682
7934,3683
7935,1857
7936,2656
7937,3684
7938,1858
7939,1490
7940,647
7941,3685
7942,1957
7943,3686
7944,1252
7945,3687
7946,1544
7947,1868
7948,3688
7949,2690
7950,2582
7951,827
7952,3689
7953,3690
7954,3691
7955,3692
7956,3693
7957,370
7958,3694
7959,1434
7960,415
7961,3695
7962,305
7963,238
7964,3696
7965,3697
7966,3698
7967,3699
7968,177
7969,3181
7970,28
7971,1810
7972,3700
7973,576
7974,3701
7975,3702
7976,3703
7977,1368
7978,101
7979,2019
7980,3704
7981,427
7982,1309
7983,318
7984,3705
7985,547
7986,1967
7987,3706
7988,3707
7989,2791
7990,3708
7991,681
7992,3709
7993,2743
7994,3710
7995,3711
7996,952
7997,685
7998,212
7999,3712
8000,3713
8001,3714
8002,3715
8003,526
8004,34
8005,3716
8006,3717
8007,115
8008,3718
8009,33
8010,3719
8011,442
8012,718
8013,633
8014,1786
8015,3720
8016,3464
8017,3721
8018,3722
8019,3723
8020,1190
8021,704
8022,126
8023,3724
8024,304
8025,78
8026,3133
8027,3725
8028,3726
8029,3727
8030,1048
8031,3728
8032,448
8033,801
8034,2110
8035,1507
8036,1377
8037,683
8038,3729
8039,3730
8040,3731
8041,3347
8042,3732
8043,1454
8044,1699
8045,1032
8046,3733
8047,3734
8048,3735
8049,3736
8050,3737
8051,2156
8052,776
8053,3738
8054,968
8055,3739
8056,3740
8057,339
8058,3741
8059,2453
8060,3742
8061,3252
8062,3743
8063,3744
8064,3745
8065,3746
8066,3747
8067,3748
8068,1923
8069,2580
8070,3749
8071,1245
8072,3750
8073,3751
8074,3752
8075,3753
8076,3754
8077,3755
8078,3756
8079,1522
8080,2506
8081,2715
8082,174
8083,3757
8084,3758
8085,142
8086,1650
8087,405
8088,1846
8089,3759
8090,325
8091,331
8092,3760
8093,3761
8094,3762
8095,2593
8096,1369
8097,3763
8098,751
8099,3764
8100,3765
8101,3766
8102,3767
8103,3768
8104,3769
8105,3770
8106,3121
8107,1136
8108,3442
8109,3771
8110,1346
8111,670
8112,3772
8113,3773
8114,3774
8115,772
8116,3708
8117,121
8118,165
8119,596
8120,931
8121,3775
8122,3776
8123,3777
8124,3778
8125,3779
8126,3780
8127,3781
8128,3782
8129,2345
8130,512
8131,3783
8132,3784
8133,1832
8134,3785
8135,937
8136,2248
8137,32
8138,3786
8139,201
8140,177
8141,3787
8142,3788
8143,2226
8144,889
8145,1050
8146,3789
8147,619
8148,655
8149,3255
8150,3790
8151,3791
8152,3792
8153,3793
8154,1682
8155,3794
8156,750
8157,26
8158,937
8159,157
8160,1732
8161,448
8162,3795
8163,3796
8164,770
8165,3797
8166,85
8167,3798
8168,41
8169,1287
8170,375
8171,269
8172,2689
8173,3799
8174,1945
8175,3800
8176,3801
8177,3802
8178,154
8179,3803
8180,3804
8181,3805
8182,326
8183,227
8184,969
8185,2210
8186,3806
8187,3807
8188,3235
8189,1399
8190,719
8191,3808
8192,3809
8193,2802
8194,554
8195,557
8196,2546
8197,3810
8198,3811
8199,539
8200,3812
8201,468
8202,3813
8203,3814
8204,687
8205,3815
8206,1396
8207,3816
8208,3817
8209,3818
8210,3819
8211,383
8212,3820
8213,3821
8214,1329
8215,737
8216,3822
8217,3823
8218,172
8219,1374
8220,1682
8221,3824
8222,48
8223,3825
8224,3826
8225,549
8226,3827
8227,1846
8228,3828
8229,739
8230,3829
8231,3830
8232,1068
8233,603
8234,580
8235,172
8236,3831
8237,3832
8238,1714
8239,606
8240,3833
8241,325
8242,442
8243,3834
8244,1019
8245,3835
8246,3836
8247,3837
8248,3838
8249,370
8250,3839
8251,3840
8252,3841
8253,3842
8254,3843
8255,3844
8256,3845
8257,1741
8258,205
8259,1369
8260,1237
8261,3846
8262,1649
8263,495
8264,757
8265,1759
8266,3847
8267,3848
8268,15
8269,3849
8270,546
8271,3850
8272,987
8273,716
8274,2059
8275,1372
8276,1042
8277,3851
8278,3852
8279,174
8280,1202
8281,3853
8282,3854
8283,3855
8284,2837
8285,3856
8286,1353
8287,1201
8288,3857
8289,3858
8290,1457
8291,3859
8292,3860
8293,1059
8294,3861
8295,2046
8296,3862
8297,3863
8298,667
8299,3864
8300,2442
8301,1059
8302,3865
8303,751
8304,3866
8305,833
8306,1492
8307,2945
8308,1137
8309,3867
8310,3868
8311,3869
8312,3870
8313,3871
8314,706
8315,651
8316,3872
8317,3529
8318,174
8319,168
8320,1018
8321,3873
8322,341
8323,381
8324,3874
8325,3875
8326,212
8327,548
8328,673
8329,3876
8330,48
8331,3877
8332,805
8333,3878
8334,1957
8335,1361
8336,3879
8337,929
8338,3880
8339,432
8340,664
8341,770
8342,2610
8343,2167
8344,3881
8345,3882
8346,1420
8347,1081
8348,3883
8349,3884
8350,1807
8351,2802
8352,2351
8353,1827
8354,864
8355,3885
8356,276
8357,3886
8358,3887
8359,3888
8360,3889
8361,1255
8362,785
8363,3890
8364,3891
8365,124
8366,3892
8367,3336
8368,3893
8369,3894
8370,1204
8371,794
8372,3895
8373,3177
8374,1810
8375,2134
8376,3896
8377,3897
8378,339
8379,3898
8380,3899
8381,469
8382,2775
8383,3900
8384,3901
8385,3902
8386,3903
8387,526
8388,3904
8389,1018
8390,3905
8391,1593
8392,383
8393,638
8394,3004
8395,3906
8396,3907
8397,1815
8398,1035
8399,157
8400,3908
8401,3704
8402,637
8403,3909
8404,1234
8405,3910
8406,174
8407,1311
8408,3464
8409,739
8410,1167
8411,2068
8412,1394
8413,2019
8414,3911
8415,28
8416,3912
8417,3913
8418,3914
8419,438
8420,3915
8421,3916
8422,2154
8423,785
8424,3410
8425,1982
8426,759
8427,3917
8428,3918
8429,1198
8430,3919
8431,240
8432,1462
8433,3920
8434,3921
8435,3922
8436,3923
8437,155
8438,353
8439,276
8440,357
8441,3924
8442,525
8443,3925
8444,432
8445,3926
8446,1801
8447,596
8448,3927
8449,132
8450,289
8451,333
8452,3928
8453,1414
8454,3929
8455,1846
8456,3930
8457,3742
8458,48
8459,3931
8460,3080
8461,3176
8462,529
8463,1059
8464,633
8465,3932
8466,217
8467,3933
8468,3934
8469,874
8470,1481
8471,646
8472,1785
8473,1945
8474,3935
8475,1048
8476,3936
8477,3937
8478,997
8479,93
8480,570
8481,3938
8482,739
8483,3939
8484,3856
8485,716
8486,1147
8487,3940
8488,141
8489,2840
8490,3941
8491,3942
8492,206
8493,3454
8494,3943
8495,640
8496,124
8497,919
8498,3944
8499,1408
8500,3945
8501,2019
8502,3946
8503,3947
8504,3375
8505,3948
8506,220
8507,3949
8508,3653
8509,3950
8510,1484
8511,3951
8512,2687
8513,3952
8514,3953
8515,1237
8516,1352
8517,739
8518,3954
8519,823
8520,328
8521,3955
8522,3956
8523,2027
8524,3957
8525,3958
8526,377
8527,141
8528,681
8529,3959
8530,2345
8531,3960
8532,864
8533,3961
8534,2765
8535,3962
8536,3963
8537,242
8538,3964
8539,3965
8540,3966
8541,3967
8542,3968
8543,3969
8544,2827
8545,3970
8546,856
8547,3971
8548,1946
8549,943
8550,3972
8551,3973
8552,1367
8553,442
8554,2227
8555,1061
8556,819
8557,1204
8558,2610
8559,2084
8560,3974
8561,548
8562,2593
8563,3975
8564,3976
8565,3977
8566,3978
8567,3979
8568,3980
8569,681
8570,3041
8571,3981
8572,3982
8573,3983
8574,3984
8575,3985
8576,423
8577,3986
8578,3761
8579,3987
8580,739
8581,739
8582,176
8583,827
8584,3988
8585,3989
8586,677
8587,3990
8588,3991
8589,555
8590,3700
8591,3992
8592,346
8593,3993
8594,1059
8595,2864
8596,1247
8597,3994
8598,3995
8599,3996
8600,219
8601,3997
8602,393
8603,3998
8604,3072
8605,67
8606,656
8607,3999
8608,76
8609,4000
8610,458
8611,4001
8612,3211
8613,1213
8614,4002
8615,383
8616,2132
8617,1307
8618,4003
8619,1550
8620,4004
8621,1993
8622,4005
8623,4006
8624,1200
8625,4007
8626,4008
8627,4009
8628,4010
8629,3935
8630,1253
8631,1470
8632,4011
8633,1137
8634,4012
8635,4013
8636,1476
8637,4014
8638,1372
8639,4015
8640,4016
8641,4017
8642,4018
8643,2816
8644,268
8645,793
8646,4019
8647,1728
8648,4020
8649,4021
8650,1565
8651,4022
8652,2210
8653,1213
8654,4023
8655,4024
8656,4025
8657,1480
8658,4026
8659,4027
8660,4028
8661,346
8662,4029
8663,4030
8664,208
8665,155
8666,3511
8667,1307
8668,4031
8669,4032
8670,718
8671,3508
8672,4033
8673,2361
8674,462
8675,308
8676,4034
8677,4035
8678,2130
8679,4036
8680,4037
8681,4038
8682,2326
8683,914
8684,1228
8685,4039
8686,885
8687,4040
8688,4041
8689,683
8690,4042
8691,101
8692,4043
8693,26
8694,107
8695,4044
8696,4045
8697,1277
8698,1960
8699,1329
8700,4046
8701,4047
8702,4048
8703,4049
8704,4050
8705,4051
8706,28
8707,4052
8708,4053
8709,4054
8710,3368
8711,343
8712,4055
8713,4056
8714,4057
8715,2046
8716,4058
8717,102
8718,2723
8719,4059
8720,95
8721,1094
8722,4060
8723,462
8724,4061
8725,4062
8726,4063
8727,41
8728,482
8729,393
8730,4064
8731,4065
8732,945
8733,718
8734,3720
8735,4066
8736,737
8737,4067
8738,180
8739,4068
8740,4069
8741,4070
8742,124
8743,4071
8744,4072
8745,1101
8746,76
8747,4073
8748,177
8749,1497
8750,121
8751,1276
8752,4074
8753,2802
8754,4075
8755,735
8756,4076
8757,1576
8758,546
8759,4077
8760,4078
8761,4079
8762,421
8763,4080
8764,4081
8765,6
8766,2914
8767,889
8768,1814
8769,2553
8770,1915
8771,4082
8772,2935
8773,4083
8774,4084
8775,219
8776,4085
8777,2840
8778,4086
8779,3472
8780,4087
8781,4088
8782,4089
8783,4090
8784,4091
8785,4092
8786,4093
8787,4094
8788,1253
8789,3708
8790,4095
8791,4096
8792,4097
8793,4098
8794,4099
8795,4100
8796,1252
8797,3516
8798,1562
8799,479
8800,718
8801,4101
8802,4102
8803,3337
8804,4103
8805,4104
8806,4105
8807,4106
8808,4107
8809,2564
8810,4108
8811,4109
8812,997
8813,4110
8814,1329
8815,3454
8816,4111
8817,4112
8818,2454
8819,4113
8820,4114
8821,305
8822,4115
8823,1359
8824,202
8825,2800
8826,4116
8827,2582
8828,4117
8829,4118
8830,737
8831,3861
8832,4119
8833,4120
8834,4121
8835,1852
8836,1907
8837,2061
8838,526
8839,1213
8840,251
8841,622
8842,4122
8843,4123
8844,4124
8845,4125
8846,4126
8847,1757
8848,4127
8849,538
8850,4128
8851,4129
8852,4130
8853,4131
8854,1874
8855,4132
8856,1846
8857,751
8858,4133
8859,4134
8860,4135
8861,2553
8862,4025
8863,4136
8864,3548
8865,4137
8866,1265
8867,2743
8868,4138
8869,352
8870,4139
8871,838
8872,4140
8873,4141
8874,2291
8875,4142
8876,2361
8877,3699
8878,1395
8879,4143
8880,1530
8881,2434
8882,4144
8883,121
8884,1387
8885,286
8886,4145
8887,716
8888,869
8889,4146
8890,2406
8891,4147
8892,4148
8893,681
8894,4149
8895,682
8896,178
8897,1654
8898,4150
8899,4151
8900,3668
8901,704
8902,28
8903,4152
8904,4153
8905,2935
8906,3806
8907,1601
8908,94
8909,90
8910,4154
8911,931
8912,41
8913,462
8914,1307
8915,4155
8916,4156
8917,3921
8918,4157
8919,286
8920,4158
8921,4159
8922,669
8923,33
8924,4160
8925,90
8926,688
8927,4161
8928,4162
8929,4163
8930,185
8931,4164
8932,1167
8933,4165
8934,4166
8935,886
8936,211
8937,175
8938,4167
8939,2420
8940,4168
8941,86
8942,4169
8943,1237
8944,4170
8945,1732
8946,480
8947,3216
8948,4171
8949,2949
8950,719
8951,4172
8952,1894
8953,1368
8954,4173
8955,4174
8956,4175
8957,2319
8958,2904
8959,2422
8960,4176
8961,4177
8962,2162
8963,1527
8964,739
8965,94
8966,1128
8967,2259
8968,716
8969,4178
8970,175
8971,450
8972,4179
8973,4180
8974,4181
8975,1227
8976,268
8977,426
8978,4182
8979,506
8980,1077
8981,4183
8982,4184
8983,934
8984,1234
8985,352
8986,838
8987,4185
8988,1922
8989,202
8990,402
8991,1307
8992,812
8993,3413
8994,258
8995,4186
8996,1417
8997,4187
8998,499
8999,1019
9000,1256
9001,4188
9002,4189
9003,4190
9004,4191
9005,3379
9006,4192
9007,696
9008,124
9009,3609
9010,383
9011,2379
9012,4193
9013,238
9014,4194
9015,4195
9016,401
9017,356
9018,3111
9019,4196
9020,4197
9021,4198
9022,4199
9023,1832
9024,4200
9025,4201
9026,4202
9027,4203
9028,2027
9029,2019
9030,4204
9031,94
9032,4205
9033,4206
9034,1459
9035,3250
9036,2582
9037,4207
9038,4208
9039,2347
9040,4209
9041,4210
9042,4211
9043,1518
9044,4212
9045,1164
9046,1676
9047,2128
9048,4213
9049,1201
9050,3032
9051,406
9052,462
9053,4214
9054,1904
9055,912
9056,1907
9057,141
9058,2689
9059,4215
9060,4216
9061,2143
9062,4217
9063,3255
9064,4218
9065,739
9066,4219
9067,4220
9068,4221
9069,4222
9070,257
9071,4223
9072,289
9073,2827
9074,4224
9075,4225
9076,4226
9077,4227
9078,1791
9079,78
9080,159
9081,4228
9082,4229
9083,429
9084,4230
9085,1833
9086,3076
9087,4231
9088,4232
9089,1976
9090,4233
9091,4234
9092,1628
9093,1480
9094,2610
9095,4235
9096,4236
9097,4237
9098,4238
9099,4239
9100,4240
9101,4241
9102,4242
9103,3308
9104,4243
9105,336
9106,4244
9107,4245
9108,4246
9109,26
9110,469
9111,4247
9112,1531
9113,4248
9114,4249
9115,4250
9116,4251
9117,4252
9118,1465
9119,3138
9120,3245
9121,4253
9122,670
9123,715
9124,4254
9125,4255
9126,4256
9127,1788
9128,255
9129,4257
9130,39
9131,455
9132,1247
9133,4258
9134,4259
9135,4260
9136,4261
9137,4262
9138,1422
9139,12
9140,4263
9141,680
9142,4012
9143,415
9144,539
9145,531
9146,1888
9147,4264
9148,346
9149,4265
9150,1324
9151,1738
9152,1726
9153,4266
9154,303
9155,828
9156,565
9157,682
9158,376
9159,2827
9160,3436
9161,464
9162,4267
9163,4268
9164,4269
9165,4270
9166,4271
9167,2938
9168,178
9169,3226
9170,1652
9171,4272
9172,4273
9173,4274
9174,4275
9175,763
9176,4276
9177,4277
9178,696
9179,4278
9180,468
9181,232
9182,1169
9183,719
9184,4279
9185,251
9186,2194
9187,4280
9188,930
9189,702
9190,1849
9191,704
9192,4281
9193,635
9194,526
9195,2343
9196,4282
9197,448
9198,1279
9199,4283
9200,4284
9201,4285
9202,4286
9203,4287
9204,4288
9205,331
9206,4289
9207,4290
9208,4291
9209,76
9210,1256
9211,4292
9212,603
9213,41
9214,402
9215,692
9216,4293
9217,4294
9218,305
9219,793
9220,633
9221,4295
9222,4296
9223,4297
9224,4298
9225,427
9226,4299
9227,886
9228,3856
9229,4300
9230,1791
9231,667
9232,4301
9233,2764
9234,285
9235,4302
9236,2182
9237,4303
9238,4304
9239,3870
9240,576
9241,1334
9242,4305
9243,3764
9244,4306
9245,4307
9246,3643
9247,162
9248,886
9249,200
9250,1550
9251,4308
9252,4309
9253,2186
9254,1263
9255,2735
9256,2406
9257,1320
9258,4310
9259,4311
9260,623
9261,1005
9262,4312
9263,4313
9264,4314
9265,4315
9266,4316
9267,4317
9268,501
9269,4318
9270,734
9271,4213
9272,2894
9273,4319
9274,1019
9275,4320
9276,4321
9277,3900
9278,4322
9279,4323
9280,4324
9281,104
9282,4325
9283,4326
9284,4327
9285,4328
9286,4329
9287,3720
9288,4330
9289,485
9290,33
9291,4331
9292,547
9293,38
9294,1933
9295,1130
9296,1322
9297,4332
9298,4333
9299,2914
9300,343
9301,1137
9302,297
9303,819
9304,4334
9305,1330
9306,3482
9307,2777
9308,4335
9309,174
9310,2089
9311,739
9312,1162
9313,4336
9314,4337
9315,2971
9316,52
9317,4338
9318,101
9319,4339
9320,458
9321,4340
9322,2435
9323,2115
9324,1814
9325,4341
9326,115
9327,26
9328,4342
9329,810
9330,4343
9331,85
9332,4344
9333,4345
9334,560
9335,4346
9336,1213
9337,4347
9338,4182
9339,4348
9340,437
9341,113
9342,1785
9343,4349
9344,4350
9345,4351
9346,163
9347,4352
9348,2613
9349,3621
9350,2131
9351,700
9352,2506
9353,202
9354,4353
9355,178
9356,4354
9357,4355
9358,378
9359,4356
9360,1320
9361,1762
9362,4357
9363,4358
9364,4359
9365,4213
9366,2420
9367,4360
9368,4361
9369,4362
9370,4363
9371,333
9372,1069
9373,4364
9374,4365
9375,4366
9376,4367
9377,347
9378,4368
9379,4369
9380,4370
9381,1242
9382,1202
9383,2948
9384,2133
9385,4371
9386,4372
9387,4373
9388,4374
9389,4375
9390,4376
9391,4377
9392,4378
9393,4379
9394,557
9395,4380
9396,1177
9397,3011
9398,3219
9399,3421
9400,238
9401,106
9402,73
9403,2350
9404,4381
9405,769
9406,585
9407,4382
9408,4283
9409,232
9410,149
9411,1263
9412,4383
9413,4384
9414,4385
9415,4386
9416,4387
9417,4388
9418,4389
9419,4390
9420,1654
9421,1945
9422,340
9423,640
9424,4391
9425,597
9426,4392
9427,2610
9428,157
9429,623
9430,3471
9431,4393
9432,4394
9433,4395
9434,2517
9435,1247
9436,639
9437,3720
9438,4396
9439,4397
9440,2827
9441,4398
9442,1256
9443,4399
9444,4247
9445,548
9446,4400
9447,4401
9448,2945
9449,4402